"","study.accession","experiment.accession","source_name","cell.type","cell.subtype"
"1","SRP094414","SRX2388111","Lung tumor (non-small cell lung cancer)","CD8+ T cells","CD45+, CD3+ CD8+, live singlets"
"2","SRP094414","SRX2388114","Lung tumor (non-small cell lung cancer)","CD8+ T cells","CD45+, CD3+ CD8+, live singlets"
"3","SRP094414","SRX2388112","Lung tumor (non-small cell lung cancer)","CD8+ T cells","CD45+, CD3+ CD8+, live singlets"
"4","SRP094414","SRX2388116","Lung tumor (non-small cell lung cancer)","CD8+ T cells","CD45+, CD3+ CD8+, live singlets"
"5","SRP094414","SRX2388135","Matched adjacent lung tissue","CD8+ T cells","CD45+, CD3+ CD8+, live singlets"
"6","SRP094414","SRX2388118","Matched adjacent lung tissue","CD8+ T cells","CD45+, CD3+ CD8+, live singlets"
"7","SRP094414","SRX2388152","Lung tumor (non-small cell lung cancer)","CD8+ T cells","CD45+, CD3+ CD8+, live singlets"
"8","SRP094414","SRX2388153","Lung tumor (non-small cell lung cancer)","CD8+ T cells","CD45+, CD3+ CD8+, live singlets"
"9","SRP094414","SRX2388163","Lung tumor (non-small cell lung cancer)","CD8+ T cells","CD45+, CD3+ CD8+, live singlets"
"10","SRP094414","SRX2388118","Matched adjacent lung tissue","CD8+ T cells","CD45+, CD3+ CD8+, live singlets"
"11","SRP094414","SRX2388120","Matched adjacent lung tissue","CD8+ T cells","CD45+, CD3+ CD8+, live singlets"
"12","SRP094414","SRX2388120","Matched adjacent lung tissue","CD8+ T cells","CD45+, CD3+ CD8+, live singlets"
"13","SRP094414","SRX2388132","Matched adjacent lung tissue","CD8+ T cells","CD45+, CD3+ CD8+, live singlets"
"14","SRP094414","SRX2388102","Lung tumor (non-small cell lung cancer)","CD8+ T cells","CD45+, CD3+ CD8+, live singlets"
"15","SRP094414","SRX2388156","Lung tumor (non-small cell lung cancer)","CD8+ T cells","CD45+, CD3+ CD8+, live singlets"
"16","SRP094414","SRX2388143","Matched adjacent lung tissue","CD8+ T cells","CD45+, CD3+ CD8+, live singlets"
"17","SRP094414","SRX2388111","Lung tumor (non-small cell lung cancer)","CD8+ T cells","CD45+, CD3+ CD8+, live singlets"
"18","SRP094414","SRX2388127","Matched adjacent lung tissue","CD8+ T cells","CD45+, CD3+ CD8+, live singlets"
"19","SRP094414","SRX2388117","Matched adjacent lung tissue","CD8+ T cells","CD45+, CD3+ CD8+, live singlets"
"20","SRP094414","SRX2388105","Lung tumor (non-small cell lung cancer)","CD8+ T cells","CD45+, CD3+ CD8+, live singlets"
"21","SRP094414","SRX2388163","Lung tumor (non-small cell lung cancer)","CD8+ T cells","CD45+, CD3+ CD8+, live singlets"
"22","SRP094414","SRX2388113","Lung tumor (non-small cell lung cancer)","CD8+ T cells","CD45+, CD3+ CD8+, live singlets"
"23","SRP094414","SRX2388164","Lung tumor (non-small cell lung cancer)","CD8+ T cells","CD45+, CD3+ CD8+, live singlets"
"24","SRP094414","SRX2388110","Lung tumor (non-small cell lung cancer)","CD8+ T cells","CD45+, CD3+ CD8+, live singlets"
"25","SRP094414","SRX2388105","Lung tumor (non-small cell lung cancer)","CD8+ T cells","CD45+, CD3+ CD8+, live singlets"
"26","SRP094414","SRX2388107","Lung tumor (non-small cell lung cancer)","CD8+ T cells","CD45+, CD3+ CD8+, live singlets"
"27","SRP094414","SRX2388158","Lung tumor (non-small cell lung cancer)","CD8+ T cells","CD45+, CD3+ CD8+, live singlets"
"28","SRP094414","SRX2388140","Matched adjacent lung tissue","CD8+ T cells","CD45+, CD3+ CD8+, live singlets"
"29","SRP094414","SRX2388151","Lung tumor (non-small cell lung cancer)","CD8+ T cells","CD45+, CD3+ CD8+, live singlets"
"30","SRP094414","SRX2388144","Matched adjacent lung tissue","CD8+ T cells","CD45+, CD3+ CD8+, live singlets"
"31","SRP094414","SRX2388145","Matched adjacent lung tissue","CD8+ T cells","CD45+, CD3+ CD8+, live singlets"
"32","SRP094414","SRX2388119","Matched adjacent lung tissue","CD8+ T cells","CD45+, CD3+ CD8+, live singlets"
"33","SRP094414","SRX2388117","Matched adjacent lung tissue","CD8+ T cells","CD45+, CD3+ CD8+, live singlets"
"34","SRP094414","SRX2388115","Lung tumor (non-small cell lung cancer)","CD8+ T cells","CD45+, CD3+ CD8+, live singlets"
"35","SRP094414","SRX2388136","Matched adjacent lung tissue","CD8+ T cells","CD45+, CD3+ CD8+, live singlets"
"36","SRP094414","SRX2388114","Lung tumor (non-small cell lung cancer)","CD8+ T cells","CD45+, CD3+ CD8+, live singlets"
"37","SRP094414","SRX2388112","Lung tumor (non-small cell lung cancer)","CD8+ T cells","CD45+, CD3+ CD8+, live singlets"
"38","SRP094414","SRX2388149","Lung tumor (non-small cell lung cancer)","CD8+ T cells","CD45+, CD3+ CD8+, live singlets"
"39","SRP094414","SRX2388135","Matched adjacent lung tissue","CD8+ T cells","CD45+, CD3+ CD8+, live singlets"
"40","SRP094414","SRX2388124","Matched adjacent lung tissue","CD8+ T cells","CD45+, CD3+ CD8+, live singlets"
"41","SRP094414","SRX2388148","Matched adjacent lung tissue","CD8+ T cells","CD45+, CD3+ CD8+, live singlets"
"42","SRP094414","SRX2388163","Lung tumor (non-small cell lung cancer)","CD8+ T cells","CD45+, CD3+ CD8+, live singlets"
"43","SRP094414","SRX2388160","Lung tumor (non-small cell lung cancer)","CD8+ T cells","CD45+, CD3+ CD8+, live singlets"
"44","SRP094414","SRX2388122","Matched adjacent lung tissue","CD8+ T cells","CD45+, CD3+ CD8+, live singlets"
"45","SRP094414","SRX2388103","Lung tumor (non-small cell lung cancer)","CD8+ T cells","CD45+, CD3+ CD8+, live singlets"
"46","SRP094414","SRX2388156","Lung tumor (non-small cell lung cancer)","CD8+ T cells","CD45+, CD3+ CD8+, live singlets"
"47","SRP094414","SRX2388145","Matched adjacent lung tissue","CD8+ T cells","CD45+, CD3+ CD8+, live singlets"
"48","SRP094414","SRX2388150","Lung tumor (non-small cell lung cancer)","CD8+ T cells","CD45+, CD3+ CD8+, live singlets"
"49","SRP094414","SRX2388158","Lung tumor (non-small cell lung cancer)","CD8+ T cells","CD45+, CD3+ CD8+, live singlets"
"50","SRP094414","SRX2388106","Lung tumor (non-small cell lung cancer)","CD8+ T cells","CD45+, CD3+ CD8+, live singlets"
"51","SRP094414","SRX2388106","Lung tumor (non-small cell lung cancer)","CD8+ T cells","CD45+, CD3+ CD8+, live singlets"
"52","SRP094414","SRX2388153","Lung tumor (non-small cell lung cancer)","CD8+ T cells","CD45+, CD3+ CD8+, live singlets"
"53","SRP094414","SRX2388137","Matched adjacent lung tissue","CD8+ T cells","CD45+, CD3+ CD8+, live singlets"
"54","SRP094414","SRX2388148","Matched adjacent lung tissue","CD8+ T cells","CD45+, CD3+ CD8+, live singlets"
"55","SRP094414","SRX2388133","Matched adjacent lung tissue","CD8+ T cells","CD45+, CD3+ CD8+, live singlets"
"56","SRP094414","SRX2388129","Matched adjacent lung tissue","CD8+ T cells","CD45+, CD3+ CD8+, live singlets"
"57","SRP094414","SRX2388108","Lung tumor (non-small cell lung cancer)","CD8+ T cells","CD45+, CD3+ CD8+, live singlets"
"58","SRP094414","SRX2388159","Lung tumor (non-small cell lung cancer)","CD8+ T cells","CD45+, CD3+ CD8+, live singlets"
"59","SRP094414","SRX2388143","Matched adjacent lung tissue","CD8+ T cells","CD45+, CD3+ CD8+, live singlets"
"60","SRP094414","SRX2388140","Matched adjacent lung tissue","CD8+ T cells","CD45+, CD3+ CD8+, live singlets"
"61","SRP094414","SRX2388147","Matched adjacent lung tissue","CD8+ T cells","CD45+, CD3+ CD8+, live singlets"
"62","SRP094414","SRX2388126","Matched adjacent lung tissue","CD8+ T cells","CD45+, CD3+ CD8+, live singlets"
"63","SRP094414","SRX2388152","Lung tumor (non-small cell lung cancer)","CD8+ T cells","CD45+, CD3+ CD8+, live singlets"
"64","SRP094414","SRX2388133","Matched adjacent lung tissue","CD8+ T cells","CD45+, CD3+ CD8+, live singlets"
"65","SRP094414","SRX2388157","Lung tumor (non-small cell lung cancer)","CD8+ T cells","CD45+, CD3+ CD8+, live singlets"
"66","SRP094414","SRX2388131","Matched adjacent lung tissue","CD8+ T cells","CD45+, CD3+ CD8+, live singlets"
"67","SRP094414","SRX2388106","Lung tumor (non-small cell lung cancer)","CD8+ T cells","CD45+, CD3+ CD8+, live singlets"
"68","SRP094414","SRX2388122","Matched adjacent lung tissue","CD8+ T cells","CD45+, CD3+ CD8+, live singlets"
"69","SRP094414","SRX2388142","Matched adjacent lung tissue","CD8+ T cells","CD45+, CD3+ CD8+, live singlets"
"70","SRP094414","SRX2388142","Matched adjacent lung tissue","CD8+ T cells","CD45+, CD3+ CD8+, live singlets"
"71","SRP094414","SRX2388154","Lung tumor (non-small cell lung cancer)","CD8+ T cells","CD45+, CD3+ CD8+, live singlets"
"72","SRP094414","SRX2388157","Lung tumor (non-small cell lung cancer)","CD8+ T cells","CD45+, CD3+ CD8+, live singlets"
"73","SRP094414","SRX2388109","Lung tumor (non-small cell lung cancer)","CD8+ T cells","CD45+, CD3+ CD8+, live singlets"
"74","SRP094414","SRX2388119","Matched adjacent lung tissue","CD8+ T cells","CD45+, CD3+ CD8+, live singlets"
"75","SRP094414","SRX2388117","Matched adjacent lung tissue","CD8+ T cells","CD45+, CD3+ CD8+, live singlets"
"76","SRP094414","SRX2388154","Lung tumor (non-small cell lung cancer)","CD8+ T cells","CD45+, CD3+ CD8+, live singlets"
"77","SRP094414","SRX2388162","Lung tumor (non-small cell lung cancer)","CD8+ T cells","CD45+, CD3+ CD8+, live singlets"
"78","SRP094414","SRX2388142","Matched adjacent lung tissue","CD8+ T cells","CD45+, CD3+ CD8+, live singlets"
"79","SRP094414","SRX2388152","Lung tumor (non-small cell lung cancer)","CD8+ T cells","CD45+, CD3+ CD8+, live singlets"
"80","SRP094414","SRX2388155","Lung tumor (non-small cell lung cancer)","CD8+ T cells","CD45+, CD3+ CD8+, live singlets"
"81","SRP094414","SRX2388158","Lung tumor (non-small cell lung cancer)","CD8+ T cells","CD45+, CD3+ CD8+, live singlets"
"82","SRP094414","SRX2388155","Lung tumor (non-small cell lung cancer)","CD8+ T cells","CD45+, CD3+ CD8+, live singlets"
"83","SRP094414","SRX2388137","Matched adjacent lung tissue","CD8+ T cells","CD45+, CD3+ CD8+, live singlets"
"84","SRP094414","SRX2388134","Matched adjacent lung tissue","CD8+ T cells","CD45+, CD3+ CD8+, live singlets"
"85","SRP094414","SRX2388160","Lung tumor (non-small cell lung cancer)","CD8+ T cells","CD45+, CD3+ CD8+, live singlets"
"86","SRP094414","SRX2388128","Matched adjacent lung tissue","CD8+ T cells","CD45+, CD3+ CD8+, live singlets"
"87","SRP094414","SRX2388102","Lung tumor (non-small cell lung cancer)","CD8+ T cells","CD45+, CD3+ CD8+, live singlets"
"88","SRP094414","SRX2388150","Lung tumor (non-small cell lung cancer)","CD8+ T cells","CD45+, CD3+ CD8+, live singlets"
"89","SRP094414","SRX2388104","Lung tumor (non-small cell lung cancer)","CD8+ T cells","CD45+, CD3+ CD8+, live singlets"
"90","SRP094414","SRX2388107","Lung tumor (non-small cell lung cancer)","CD8+ T cells","CD45+, CD3+ CD8+, live singlets"
"91","SRP094414","SRX2388103","Lung tumor (non-small cell lung cancer)","CD8+ T cells","CD45+, CD3+ CD8+, live singlets"
"92","SRP094414","SRX2388123","Matched adjacent lung tissue","CD8+ T cells","CD45+, CD3+ CD8+, live singlets"
"93","SRP094414","SRX2388123","Matched adjacent lung tissue","CD8+ T cells","CD45+, CD3+ CD8+, live singlets"
"94","SRP094414","SRX2388145","Matched adjacent lung tissue","CD8+ T cells","CD45+, CD3+ CD8+, live singlets"
"95","SRP094414","SRX2388125","Matched adjacent lung tissue","CD8+ T cells","CD45+, CD3+ CD8+, live singlets"
"96","SRP094414","SRX2388124","Matched adjacent lung tissue","CD8+ T cells","CD45+, CD3+ CD8+, live singlets"
"97","SRP094414","SRX2388109","Lung tumor (non-small cell lung cancer)","CD8+ T cells","CD45+, CD3+ CD8+, live singlets"
"98","SRP094414","SRX2388145","Matched adjacent lung tissue","CD8+ T cells","CD45+, CD3+ CD8+, live singlets"
"99","SRP094414","SRX2388163","Lung tumor (non-small cell lung cancer)","CD8+ T cells","CD45+, CD3+ CD8+, live singlets"
"100","SRP094414","SRX2388168","Lung tumor (non-small cell lung cancer)","CD8+ T cells","CD45+, CD3+ CD8+, live singlets"
"101","SRP094414","SRX2388169","Lung tumor (non-small cell lung cancer)","CD8+ T cells","CD45+, CD3+ CD8+, live singlets"
"102","SRP094414","SRX2388135","Matched adjacent lung tissue","CD8+ T cells","CD45+, CD3+ CD8+, live singlets"
"103","SRP094414","SRX2388126","Matched adjacent lung tissue","CD8+ T cells","CD45+, CD3+ CD8+, live singlets"
"104","SRP094414","SRX2388134","Matched adjacent lung tissue","CD8+ T cells","CD45+, CD3+ CD8+, live singlets"
"105","SRP094414","SRX2388107","Lung tumor (non-small cell lung cancer)","CD8+ T cells","CD45+, CD3+ CD8+, live singlets"
"106","SRP094414","SRX2388150","Lung tumor (non-small cell lung cancer)","CD8+ T cells","CD45+, CD3+ CD8+, live singlets"
"107","SRP094414","SRX2388154","Lung tumor (non-small cell lung cancer)","CD8+ T cells","CD45+, CD3+ CD8+, live singlets"
"108","SRP094414","SRX2388125","Matched adjacent lung tissue","CD8+ T cells","CD45+, CD3+ CD8+, live singlets"
"109","SRP094414","SRX2388162","Lung tumor (non-small cell lung cancer)","CD8+ T cells","CD45+, CD3+ CD8+, live singlets"
"110","SRP094414","SRX2388156","Lung tumor (non-small cell lung cancer)","CD8+ T cells","CD45+, CD3+ CD8+, live singlets"
"111","SRP094414","SRX2388167","Lung tumor (non-small cell lung cancer)","CD8+ T cells","CD45+, CD3+ CD8+, live singlets"
"112","SRP094414","SRX2388161","Lung tumor (non-small cell lung cancer)","CD8+ T cells","CD45+, CD3+ CD8+, live singlets"
"113","SRP094414","SRX2388154","Lung tumor (non-small cell lung cancer)","CD8+ T cells","CD45+, CD3+ CD8+, live singlets"
"114","SRP094414","SRX2388126","Matched adjacent lung tissue","CD8+ T cells","CD45+, CD3+ CD8+, live singlets"
"115","SRP094414","SRX2388138","Matched adjacent lung tissue","CD8+ T cells","CD45+, CD3+ CD8+, live singlets"
"116","SRP094414","SRX2388166","Lung tumor (non-small cell lung cancer)","CD8+ T cells","CD45+, CD3+ CD8+, live singlets"
"117","SRP094414","SRX2388126","Matched adjacent lung tissue","CD8+ T cells","CD45+, CD3+ CD8+, live singlets"
"118","SRP094414","SRX2388161","Lung tumor (non-small cell lung cancer)","CD8+ T cells","CD45+, CD3+ CD8+, live singlets"
"119","SRP094414","SRX2388140","Matched adjacent lung tissue","CD8+ T cells","CD45+, CD3+ CD8+, live singlets"
"120","SRP094414","SRX2388165","Lung tumor (non-small cell lung cancer)","CD8+ T cells","CD45+, CD3+ CD8+, live singlets"
"121","SRP094414","SRX2388105","Lung tumor (non-small cell lung cancer)","CD8+ T cells","CD45+, CD3+ CD8+, live singlets"
"122","SRP094414","SRX2388156","Lung tumor (non-small cell lung cancer)","CD8+ T cells","CD45+, CD3+ CD8+, live singlets"
"123","SRP094414","SRX2388108","Lung tumor (non-small cell lung cancer)","CD8+ T cells","CD45+, CD3+ CD8+, live singlets"
"124","SRP094414","SRX2388141","Matched adjacent lung tissue","CD8+ T cells","CD45+, CD3+ CD8+, live singlets"
"125","SRP094414","SRX2388153","Lung tumor (non-small cell lung cancer)","CD8+ T cells","CD45+, CD3+ CD8+, live singlets"
"126","SRP094414","SRX2388102","Lung tumor (non-small cell lung cancer)","CD8+ T cells","CD45+, CD3+ CD8+, live singlets"
"127","SRP094414","SRX2388149","Lung tumor (non-small cell lung cancer)","CD8+ T cells","CD45+, CD3+ CD8+, live singlets"
"128","SRP094414","SRX2388159","Lung tumor (non-small cell lung cancer)","CD8+ T cells","CD45+, CD3+ CD8+, live singlets"
"129","SRP094414","SRX2388155","Lung tumor (non-small cell lung cancer)","CD8+ T cells","CD45+, CD3+ CD8+, live singlets"
"130","SRP094414","SRX2388133","Matched adjacent lung tissue","CD8+ T cells","CD45+, CD3+ CD8+, live singlets"
"131","SRP094414","SRX2388158","Lung tumor (non-small cell lung cancer)","CD8+ T cells","CD45+, CD3+ CD8+, live singlets"
"132","SRP094414","SRX2388123","Matched adjacent lung tissue","CD8+ T cells","CD45+, CD3+ CD8+, live singlets"
"133","SRP094414","SRX2388108","Lung tumor (non-small cell lung cancer)","CD8+ T cells","CD45+, CD3+ CD8+, live singlets"
"134","SRP094414","SRX2388155","Lung tumor (non-small cell lung cancer)","CD8+ T cells","CD45+, CD3+ CD8+, live singlets"
"135","SRP094414","SRX2388141","Matched adjacent lung tissue","CD8+ T cells","CD45+, CD3+ CD8+, live singlets"
"136","SRP094414","SRX2388136","Matched adjacent lung tissue","CD8+ T cells","CD45+, CD3+ CD8+, live singlets"
"137","SRP094414","SRX2388144","Matched adjacent lung tissue","CD8+ T cells","CD45+, CD3+ CD8+, live singlets"
"138","SRP094414","SRX2388167","Lung tumor (non-small cell lung cancer)","CD8+ T cells","CD45+, CD3+ CD8+, live singlets"
"139","SRP094414","SRX2388127","Matched adjacent lung tissue","CD8+ T cells","CD45+, CD3+ CD8+, live singlets"
"140","SRP094414","SRX2388143","Matched adjacent lung tissue","CD8+ T cells","CD45+, CD3+ CD8+, live singlets"
"141","SRP094414","SRX2388169","Lung tumor (non-small cell lung cancer)","CD8+ T cells","CD45+, CD3+ CD8+, live singlets"
"142","SRP094414","SRX2388134","Matched adjacent lung tissue","CD8+ T cells","CD45+, CD3+ CD8+, live singlets"
"143","SRP094414","SRX2388148","Matched adjacent lung tissue","CD8+ T cells","CD45+, CD3+ CD8+, live singlets"
"144","SRP094414","SRX2388128","Matched adjacent lung tissue","CD8+ T cells","CD45+, CD3+ CD8+, live singlets"
"145","SRP094414","SRX2388130","Matched adjacent lung tissue","CD8+ T cells","CD45+, CD3+ CD8+, live singlets"
"146","SRP094414","SRX2388113","Lung tumor (non-small cell lung cancer)","CD8+ T cells","CD45+, CD3+ CD8+, live singlets"
"147","SRP094414","SRX2388129","Matched adjacent lung tissue","CD8+ T cells","CD45+, CD3+ CD8+, live singlets"
"148","SRP094414","SRX2388168","Lung tumor (non-small cell lung cancer)","CD8+ T cells","CD45+, CD3+ CD8+, live singlets"
"149","SRP094414","SRX2388121","Matched adjacent lung tissue","CD8+ T cells","CD45+, CD3+ CD8+, live singlets"
"150","SRP094414","SRX2388142","Matched adjacent lung tissue","CD8+ T cells","CD45+, CD3+ CD8+, live singlets"
"151","SRP094414","SRX2388139","Matched adjacent lung tissue","CD8+ T cells","CD45+, CD3+ CD8+, live singlets"
"152","SRP094414","SRX2388110","Lung tumor (non-small cell lung cancer)","CD8+ T cells","CD45+, CD3+ CD8+, live singlets"
"153","SRP094414","SRX2388137","Matched adjacent lung tissue","CD8+ T cells","CD45+, CD3+ CD8+, live singlets"
"154","SRP094414","SRX2388161","Lung tumor (non-small cell lung cancer)","CD8+ T cells","CD45+, CD3+ CD8+, live singlets"
"155","SRP094414","SRX2388116","Lung tumor (non-small cell lung cancer)","CD8+ T cells","CD45+, CD3+ CD8+, live singlets"
"156","SRP094414","SRX2388161","Lung tumor (non-small cell lung cancer)","CD8+ T cells","CD45+, CD3+ CD8+, live singlets"
"157","SRP094414","SRX2388167","Lung tumor (non-small cell lung cancer)","CD8+ T cells","CD45+, CD3+ CD8+, live singlets"
"158","SRP094414","SRX2388109","Lung tumor (non-small cell lung cancer)","CD8+ T cells","CD45+, CD3+ CD8+, live singlets"
"159","SRP094414","SRX2388165","Lung tumor (non-small cell lung cancer)","CD8+ T cells","CD45+, CD3+ CD8+, live singlets"
"160","SRP094414","SRX2388155","Lung tumor (non-small cell lung cancer)","CD8+ T cells","CD45+, CD3+ CD8+, live singlets"
"161","SRP094414","SRX2388164","Lung tumor (non-small cell lung cancer)","CD8+ T cells","CD45+, CD3+ CD8+, live singlets"
"162","SRP094414","SRX2388140","Matched adjacent lung tissue","CD8+ T cells","CD45+, CD3+ CD8+, live singlets"
"163","SRP094414","SRX2388142","Matched adjacent lung tissue","CD8+ T cells","CD45+, CD3+ CD8+, live singlets"
"164","SRP094414","SRX2388157","Lung tumor (non-small cell lung cancer)","CD8+ T cells","CD45+, CD3+ CD8+, live singlets"
"165","SRP094414","SRX2388160","Lung tumor (non-small cell lung cancer)","CD8+ T cells","CD45+, CD3+ CD8+, live singlets"
"166","SRP094414","SRX2388141","Matched adjacent lung tissue","CD8+ T cells","CD45+, CD3+ CD8+, live singlets"
"167","SRP094414","SRX2388136","Matched adjacent lung tissue","CD8+ T cells","CD45+, CD3+ CD8+, live singlets"
"168","SRP094414","SRX2388103","Lung tumor (non-small cell lung cancer)","CD8+ T cells","CD45+, CD3+ CD8+, live singlets"
"169","SRP094414","SRX2388148","Matched adjacent lung tissue","CD8+ T cells","CD45+, CD3+ CD8+, live singlets"
"170","SRP094414","SRX2388164","Lung tumor (non-small cell lung cancer)","CD8+ T cells","CD45+, CD3+ CD8+, live singlets"
"171","SRP094414","SRX2388116","Lung tumor (non-small cell lung cancer)","CD8+ T cells","CD45+, CD3+ CD8+, live singlets"
"172","SRP094414","SRX2388104","Lung tumor (non-small cell lung cancer)","CD8+ T cells","CD45+, CD3+ CD8+, live singlets"
"173","SRP094414","SRX2388141","Matched adjacent lung tissue","CD8+ T cells","CD45+, CD3+ CD8+, live singlets"
"174","SRP094414","SRX2388129","Matched adjacent lung tissue","CD8+ T cells","CD45+, CD3+ CD8+, live singlets"
"175","SRP094414","SRX2388161","Lung tumor (non-small cell lung cancer)","CD8+ T cells","CD45+, CD3+ CD8+, live singlets"
"176","SRP094414","SRX2388138","Matched adjacent lung tissue","CD8+ T cells","CD45+, CD3+ CD8+, live singlets"
"177","SRP094414","SRX2388160","Lung tumor (non-small cell lung cancer)","CD8+ T cells","CD45+, CD3+ CD8+, live singlets"
"178","SRP094414","SRX2388113","Lung tumor (non-small cell lung cancer)","CD8+ T cells","CD45+, CD3+ CD8+, live singlets"
"179","SRP094414","SRX2388131","Matched adjacent lung tissue","CD8+ T cells","CD45+, CD3+ CD8+, live singlets"
"180","SRP094414","SRX2388156","Lung tumor (non-small cell lung cancer)","CD8+ T cells","CD45+, CD3+ CD8+, live singlets"
"181","SRP094414","SRX2388136","Matched adjacent lung tissue","CD8+ T cells","CD45+, CD3+ CD8+, live singlets"
"182","SRP094414","SRX2388112","Lung tumor (non-small cell lung cancer)","CD8+ T cells","CD45+, CD3+ CD8+, live singlets"
"183","SRP094414","SRX2388146","Matched adjacent lung tissue","CD8+ T cells","CD45+, CD3+ CD8+, live singlets"
"184","SRP094414","SRX2388169","Lung tumor (non-small cell lung cancer)","CD8+ T cells","CD45+, CD3+ CD8+, live singlets"
"185","SRP094414","SRX2388167","Lung tumor (non-small cell lung cancer)","CD8+ T cells","CD45+, CD3+ CD8+, live singlets"
"186","SRP094414","SRX2388130","Matched adjacent lung tissue","CD8+ T cells","CD45+, CD3+ CD8+, live singlets"
"187","SRP094414","SRX2388121","Matched adjacent lung tissue","CD8+ T cells","CD45+, CD3+ CD8+, live singlets"
"188","SRP094414","SRX2388147","Matched adjacent lung tissue","CD8+ T cells","CD45+, CD3+ CD8+, live singlets"
"189","SRP094414","SRX2388121","Matched adjacent lung tissue","CD8+ T cells","CD45+, CD3+ CD8+, live singlets"
"190","SRP094414","SRX2388124","Matched adjacent lung tissue","CD8+ T cells","CD45+, CD3+ CD8+, live singlets"
"191","SRP094414","SRX2388121","Matched adjacent lung tissue","CD8+ T cells","CD45+, CD3+ CD8+, live singlets"
"192","SRP094414","SRX2388139","Matched adjacent lung tissue","CD8+ T cells","CD45+, CD3+ CD8+, live singlets"
"193","SRP094414","SRX2388111","Lung tumor (non-small cell lung cancer)","CD8+ T cells","CD45+, CD3+ CD8+, live singlets"
"194","SRP094414","SRX2388157","Lung tumor (non-small cell lung cancer)","CD8+ T cells","CD45+, CD3+ CD8+, live singlets"
"195","SRP094414","SRX2388127","Matched adjacent lung tissue","CD8+ T cells","CD45+, CD3+ CD8+, live singlets"
"196","SRP094414","SRX2388125","Matched adjacent lung tissue","CD8+ T cells","CD45+, CD3+ CD8+, live singlets"
"197","SRP094414","SRX2388149","Lung tumor (non-small cell lung cancer)","CD8+ T cells","CD45+, CD3+ CD8+, live singlets"
"198","SRP094414","SRX2388159","Lung tumor (non-small cell lung cancer)","CD8+ T cells","CD45+, CD3+ CD8+, live singlets"
"199","SRP094414","SRX2388138","Matched adjacent lung tissue","CD8+ T cells","CD45+, CD3+ CD8+, live singlets"
"200","SRP094414","SRX2388166","Lung tumor (non-small cell lung cancer)","CD8+ T cells","CD45+, CD3+ CD8+, live singlets"
"201","SRP094414","SRX2388164","Lung tumor (non-small cell lung cancer)","CD8+ T cells","CD45+, CD3+ CD8+, live singlets"
"202","SRP094414","SRX2388106","Lung tumor (non-small cell lung cancer)","CD8+ T cells","CD45+, CD3+ CD8+, live singlets"
"203","SRP094414","SRX2388149","Lung tumor (non-small cell lung cancer)","CD8+ T cells","CD45+, CD3+ CD8+, live singlets"
"204","SRP094414","SRX2388168","Lung tumor (non-small cell lung cancer)","CD8+ T cells","CD45+, CD3+ CD8+, live singlets"
"205","SRP094414","SRX2388145","Matched adjacent lung tissue","CD8+ T cells","CD45+, CD3+ CD8+, live singlets"
"206","SRP094414","SRX2388157","Lung tumor (non-small cell lung cancer)","CD8+ T cells","CD45+, CD3+ CD8+, live singlets"
"207","SRP094414","SRX2388139","Matched adjacent lung tissue","CD8+ T cells","CD45+, CD3+ CD8+, live singlets"
"208","SRP094414","SRX2388122","Matched adjacent lung tissue","CD8+ T cells","CD45+, CD3+ CD8+, live singlets"
"209","SRP094414","SRX2388132","Matched adjacent lung tissue","CD8+ T cells","CD45+, CD3+ CD8+, live singlets"
"210","SRP094414","SRX2388166","Lung tumor (non-small cell lung cancer)","CD8+ T cells","CD45+, CD3+ CD8+, live singlets"
"211","SRP094414","SRX2388128","Matched adjacent lung tissue","CD8+ T cells","CD45+, CD3+ CD8+, live singlets"
"212","SRP094414","SRX2388147","Matched adjacent lung tissue","CD8+ T cells","CD45+, CD3+ CD8+, live singlets"
"213","SRP094414","SRX2388138","Matched adjacent lung tissue","CD8+ T cells","CD45+, CD3+ CD8+, live singlets"
"214","SRP094414","SRX2388130","Matched adjacent lung tissue","CD8+ T cells","CD45+, CD3+ CD8+, live singlets"
"215","SRP094414","SRX2388165","Lung tumor (non-small cell lung cancer)","CD8+ T cells","CD45+, CD3+ CD8+, live singlets"
"216","SRP094414","SRX2388130","Matched adjacent lung tissue","CD8+ T cells","CD45+, CD3+ CD8+, live singlets"
"217","SRP094414","SRX2388139","Matched adjacent lung tissue","CD8+ T cells","CD45+, CD3+ CD8+, live singlets"
"218","SRP094414","SRX2388133","Matched adjacent lung tissue","CD8+ T cells","CD45+, CD3+ CD8+, live singlets"
"219","SRP094414","SRX2388144","Matched adjacent lung tissue","CD8+ T cells","CD45+, CD3+ CD8+, live singlets"
"220","SRP094414","SRX2388168","Lung tumor (non-small cell lung cancer)","CD8+ T cells","CD45+, CD3+ CD8+, live singlets"
"221","SRP094414","SRX2388141","Matched adjacent lung tissue","CD8+ T cells","CD45+, CD3+ CD8+, live singlets"
"222","SRP094414","SRX2388108","Lung tumor (non-small cell lung cancer)","CD8+ T cells","CD45+, CD3+ CD8+, live singlets"
"223","SRP094414","SRX2388117","Matched adjacent lung tissue","CD8+ T cells","CD45+, CD3+ CD8+, live singlets"
"224","SRP094414","SRX2388123","Matched adjacent lung tissue","CD8+ T cells","CD45+, CD3+ CD8+, live singlets"
"225","SRP094414","SRX2388158","Lung tumor (non-small cell lung cancer)","CD8+ T cells","CD45+, CD3+ CD8+, live singlets"
"226","SRP094414","SRX2388140","Matched adjacent lung tissue","CD8+ T cells","CD45+, CD3+ CD8+, live singlets"
"227","SRP094414","SRX2388119","Matched adjacent lung tissue","CD8+ T cells","CD45+, CD3+ CD8+, live singlets"
"228","SRP094414","SRX2388132","Matched adjacent lung tissue","CD8+ T cells","CD45+, CD3+ CD8+, live singlets"
"229","SRP094414","SRX2388124","Matched adjacent lung tissue","CD8+ T cells","CD45+, CD3+ CD8+, live singlets"
"230","SRP094414","SRX2388110","Lung tumor (non-small cell lung cancer)","CD8+ T cells","CD45+, CD3+ CD8+, live singlets"
"231","SRP094414","SRX2388115","Lung tumor (non-small cell lung cancer)","CD8+ T cells","CD45+, CD3+ CD8+, live singlets"
"232","SRP094414","SRX2388103","Lung tumor (non-small cell lung cancer)","CD8+ T cells","CD45+, CD3+ CD8+, live singlets"
"233","SRP094414","SRX2388115","Lung tumor (non-small cell lung cancer)","CD8+ T cells","CD45+, CD3+ CD8+, live singlets"
"234","SRP094414","SRX2388163","Lung tumor (non-small cell lung cancer)","CD8+ T cells","CD45+, CD3+ CD8+, live singlets"
"235","SRP094414","SRX2388148","Matched adjacent lung tissue","CD8+ T cells","CD45+, CD3+ CD8+, live singlets"
"236","SRP094414","SRX2388132","Matched adjacent lung tissue","CD8+ T cells","CD45+, CD3+ CD8+, live singlets"
"237","SRP094414","SRX2388137","Matched adjacent lung tissue","CD8+ T cells","CD45+, CD3+ CD8+, live singlets"
"238","SRP094414","SRX2388104","Lung tumor (non-small cell lung cancer)","CD8+ T cells","CD45+, CD3+ CD8+, live singlets"
"239","SRP094414","SRX2388104","Lung tumor (non-small cell lung cancer)","CD8+ T cells","CD45+, CD3+ CD8+, live singlets"
"240","SRP094414","SRX2388122","Matched adjacent lung tissue","CD8+ T cells","CD45+, CD3+ CD8+, live singlets"
"241","SRP094414","SRX2388135","Matched adjacent lung tissue","CD8+ T cells","CD45+, CD3+ CD8+, live singlets"
"242","SRP094414","SRX2388154","Lung tumor (non-small cell lung cancer)","CD8+ T cells","CD45+, CD3+ CD8+, live singlets"
"243","SRP094414","SRX2388143","Matched adjacent lung tissue","CD8+ T cells","CD45+, CD3+ CD8+, live singlets"
"244","SRP094414","SRX2388132","Matched adjacent lung tissue","CD8+ T cells","CD45+, CD3+ CD8+, live singlets"
"245","SRP094414","SRX2388109","Lung tumor (non-small cell lung cancer)","CD8+ T cells","CD45+, CD3+ CD8+, live singlets"
"246","SRP094414","SRX2388134","Matched adjacent lung tissue","CD8+ T cells","CD45+, CD3+ CD8+, live singlets"
"247","SRP094414","SRX2388120","Matched adjacent lung tissue","CD8+ T cells","CD45+, CD3+ CD8+, live singlets"
"248","SRP094414","SRX2388159","Lung tumor (non-small cell lung cancer)","CD8+ T cells","CD45+, CD3+ CD8+, live singlets"
"249","SRP094414","SRX2388136","Matched adjacent lung tissue","CD8+ T cells","CD45+, CD3+ CD8+, live singlets"
"250","SRP094414","SRX2388118","Matched adjacent lung tissue","CD8+ T cells","CD45+, CD3+ CD8+, live singlets"
"251","SRP094414","SRX2388131","Matched adjacent lung tissue","CD8+ T cells","CD45+, CD3+ CD8+, live singlets"
"252","SRP094414","SRX2388131","Matched adjacent lung tissue","CD8+ T cells","CD45+, CD3+ CD8+, live singlets"
"253","SRP094414","SRX2388128","Matched adjacent lung tissue","CD8+ T cells","CD45+, CD3+ CD8+, live singlets"
"254","SRP094414","SRX2388144","Matched adjacent lung tissue","CD8+ T cells","CD45+, CD3+ CD8+, live singlets"
"255","SRP094414","SRX2388153","Lung tumor (non-small cell lung cancer)","CD8+ T cells","CD45+, CD3+ CD8+, live singlets"
"256","SRP094414","SRX2388139","Matched adjacent lung tissue","CD8+ T cells","CD45+, CD3+ CD8+, live singlets"
"257","SRP094414","SRX2388134","Matched adjacent lung tissue","CD8+ T cells","CD45+, CD3+ CD8+, live singlets"
"258","SRP094414","SRX2388115","Lung tumor (non-small cell lung cancer)","CD8+ T cells","CD45+, CD3+ CD8+, live singlets"
"259","SRP094414","SRX2388146","Matched adjacent lung tissue","CD8+ T cells","CD45+, CD3+ CD8+, live singlets"
"260","SRP094414","SRX2388166","Lung tumor (non-small cell lung cancer)","CD8+ T cells","CD45+, CD3+ CD8+, live singlets"
"261","SRP094414","SRX2388113","Lung tumor (non-small cell lung cancer)","CD8+ T cells","CD45+, CD3+ CD8+, live singlets"
"262","SRP094414","SRX2388146","Matched adjacent lung tissue","CD8+ T cells","CD45+, CD3+ CD8+, live singlets"
"263","SRP094414","SRX2388151","Lung tumor (non-small cell lung cancer)","CD8+ T cells","CD45+, CD3+ CD8+, live singlets"
"264","SRP094414","SRX2388127","Matched adjacent lung tissue","CD8+ T cells","CD45+, CD3+ CD8+, live singlets"
"265","SRP094414","SRX2388114","Lung tumor (non-small cell lung cancer)","CD8+ T cells","CD45+, CD3+ CD8+, live singlets"
"266","SRP094414","SRX2388150","Lung tumor (non-small cell lung cancer)","CD8+ T cells","CD45+, CD3+ CD8+, live singlets"
"267","SRP094414","SRX2388152","Lung tumor (non-small cell lung cancer)","CD8+ T cells","CD45+, CD3+ CD8+, live singlets"
"268","SRP094414","SRX2388114","Lung tumor (non-small cell lung cancer)","CD8+ T cells","CD45+, CD3+ CD8+, live singlets"
"269","SRP094414","SRX2388119","Matched adjacent lung tissue","CD8+ T cells","CD45+, CD3+ CD8+, live singlets"
"270","SRP094414","SRX2388164","Lung tumor (non-small cell lung cancer)","CD8+ T cells","CD45+, CD3+ CD8+, live singlets"
"271","SRP094414","SRX2388169","Lung tumor (non-small cell lung cancer)","CD8+ T cells","CD45+, CD3+ CD8+, live singlets"
"272","SRP094414","SRX2388151","Lung tumor (non-small cell lung cancer)","CD8+ T cells","CD45+, CD3+ CD8+, live singlets"
"273","SRP094414","SRX2388105","Lung tumor (non-small cell lung cancer)","CD8+ T cells","CD45+, CD3+ CD8+, live singlets"
"274","SRP094414","SRX2388112","Lung tumor (non-small cell lung cancer)","CD8+ T cells","CD45+, CD3+ CD8+, live singlets"
"275","SRP094414","SRX2388102","Lung tumor (non-small cell lung cancer)","CD8+ T cells","CD45+, CD3+ CD8+, live singlets"
"276","SRP094414","SRX2388135","Matched adjacent lung tissue","CD8+ T cells","CD45+, CD3+ CD8+, live singlets"
"277","SRP094414","SRX2388162","Lung tumor (non-small cell lung cancer)","CD8+ T cells","CD45+, CD3+ CD8+, live singlets"
"278","SRP094414","SRX2388167","Lung tumor (non-small cell lung cancer)","CD8+ T cells","CD45+, CD3+ CD8+, live singlets"
"279","SRP094414","SRX2388147","Matched adjacent lung tissue","CD8+ T cells","CD45+, CD3+ CD8+, live singlets"
"280","SRP094414","SRX2388125","Matched adjacent lung tissue","CD8+ T cells","CD45+, CD3+ CD8+, live singlets"
"281","SRP094414","SRX2388166","Lung tumor (non-small cell lung cancer)","CD8+ T cells","CD45+, CD3+ CD8+, live singlets"
"282","SRP094414","SRX2388133","Matched adjacent lung tissue","CD8+ T cells","CD45+, CD3+ CD8+, live singlets"
"283","SRP094414","SRX2388152","Lung tumor (non-small cell lung cancer)","CD8+ T cells","CD45+, CD3+ CD8+, live singlets"
"284","SRP094414","SRX2388151","Lung tumor (non-small cell lung cancer)","CD8+ T cells","CD45+, CD3+ CD8+, live singlets"
"285","SRP094414","SRX2388147","Matched adjacent lung tissue","CD8+ T cells","CD45+, CD3+ CD8+, live singlets"
"286","SRP094414","SRX2388151","Lung tumor (non-small cell lung cancer)","CD8+ T cells","CD45+, CD3+ CD8+, live singlets"
"287","SRP094414","SRX2388165","Lung tumor (non-small cell lung cancer)","CD8+ T cells","CD45+, CD3+ CD8+, live singlets"
"288","SRP094414","SRX2388169","Lung tumor (non-small cell lung cancer)","CD8+ T cells","CD45+, CD3+ CD8+, live singlets"
"289","SRP094414","SRX2388116","Lung tumor (non-small cell lung cancer)","CD8+ T cells","CD45+, CD3+ CD8+, live singlets"
"290","SRP094414","SRX2388118","Matched adjacent lung tissue","CD8+ T cells","CD45+, CD3+ CD8+, live singlets"
"291","SRP094414","SRX2388120","Matched adjacent lung tissue","CD8+ T cells","CD45+, CD3+ CD8+, live singlets"
"292","SRP094414","SRX2388150","Lung tumor (non-small cell lung cancer)","CD8+ T cells","CD45+, CD3+ CD8+, live singlets"
"293","SRP094414","SRX2388149","Lung tumor (non-small cell lung cancer)","CD8+ T cells","CD45+, CD3+ CD8+, live singlets"
"294","SRP094414","SRX2388165","Lung tumor (non-small cell lung cancer)","CD8+ T cells","CD45+, CD3+ CD8+, live singlets"
"295","SRP094414","SRX2388110","Lung tumor (non-small cell lung cancer)","CD8+ T cells","CD45+, CD3+ CD8+, live singlets"
"296","SRP094414","SRX2388162","Lung tumor (non-small cell lung cancer)","CD8+ T cells","CD45+, CD3+ CD8+, live singlets"
"297","SRP094414","SRX2388146","Matched adjacent lung tissue","CD8+ T cells","CD45+, CD3+ CD8+, live singlets"
"298","SRP094414","SRX2388153","Lung tumor (non-small cell lung cancer)","CD8+ T cells","CD45+, CD3+ CD8+, live singlets"
"299","SRP094414","SRX2388146","Matched adjacent lung tissue","CD8+ T cells","CD45+, CD3+ CD8+, live singlets"
"300","SRP094414","SRX2388168","Lung tumor (non-small cell lung cancer)","CD8+ T cells","CD45+, CD3+ CD8+, live singlets"
"301","SRP094414","SRX2388111","Lung tumor (non-small cell lung cancer)","CD8+ T cells","CD45+, CD3+ CD8+, live singlets"
"302","SRP094414","SRX2388159","Lung tumor (non-small cell lung cancer)","CD8+ T cells","CD45+, CD3+ CD8+, live singlets"
"303","SRP094414","SRX2388160","Lung tumor (non-small cell lung cancer)","CD8+ T cells","CD45+, CD3+ CD8+, live singlets"
"304","SRP094414","SRX2388129","Matched adjacent lung tissue","CD8+ T cells","CD45+, CD3+ CD8+, live singlets"
"305","SRP094414","SRX2388107","Lung tumor (non-small cell lung cancer)","CD8+ T cells","CD45+, CD3+ CD8+, live singlets"
"306","SRP094414","SRX2388137","Matched adjacent lung tissue","CD8+ T cells","CD45+, CD3+ CD8+, live singlets"
"307","SRP094414","SRX2388138","Matched adjacent lung tissue","CD8+ T cells","CD45+, CD3+ CD8+, live singlets"
"308","SRP094414","SRX2388162","Lung tumor (non-small cell lung cancer)","CD8+ T cells","CD45+, CD3+ CD8+, live singlets"
"309","SRP094414","SRX2388144","Matched adjacent lung tissue","CD8+ T cells","CD45+, CD3+ CD8+, live singlets"
"310","SRP094414","SRX2388143","Matched adjacent lung tissue","CD8+ T cells","CD45+, CD3+ CD8+, live singlets"
