"","study.accession","experiment.accession","source_name","data.subset","genotype.variation","tumor.status"
"1","SRP068970","SRX1549825","Single Cell from Xenograft Tumor","Single Cell","CSL +/+","CSL +/+ Xenograft Tumor 2nd"
"2","SRP068970","SRX1549623","Single Cell from Xenograft Tumor","Single Cell","CSL -/-","CSL KO Xenograft Tumor 2nd"
"3","SRP068970","SRX1549511","MDA_MB_231 Cells","Cell Population","CSL -/-","n/a"
"4","SRP068970","SRX1549596","Single Cell from Xenograft Tumor","Single Cell","CSL -/-","CSL KO Xenograft Tumor 1st"
"5","SRP068970","SRX1549740","Single Cell from Xenograft Tumor","Single Cell","CSL +/+","CSL +/+ Xenograft Tumor 1st"
"6","SRP068970","SRX1549771","Single Cell from Xenograft Tumor","Single Cell","CSL +/+","CSL +/+ Xenograft Tumor 1st"
"7","SRP068970","SRX1549660","Single Cell from Xenograft Tumor","Single Cell","CSL -/-","CSL KO Xenograft Tumor 2nd"
"8","SRP068970","SRX1549507","MDA_MB_231 Cells","Cell Population","CSL -/-","n/a"
"9","SRP068970","SRX1549670","Single Cell from Xenograft Tumor","Single Cell","CSL -/-","CSL KO Xenograft Tumor 2nd"
"10","SRP068970","SRX1549849","Single Cell from Xenograft Tumor","Single Cell","CSL +/+","CSL +/+ Xenograft Tumor 2nd"
"11","SRP068970","SRX1549704","Single Cell from Xenograft Tumor","Single Cell","CSL +/+","CSL +/+ Xenograft Tumor 1st"
"12","SRP068970","SRX1549487","Xenograft Tumor","Xenograft","CSL +/+","Late graft"
"13","SRP068970","SRX1549499","MDA_MB_231 Cells","Cell Population","CSL +/+","n/a"
"14","SRP068970","SRX1549494","Primary Culture from Xenograft Tumor","Cell Population","CSL +/+","n/a"
"15","SRP068970","SRX1549832","Single Cell from Xenograft Tumor","Single Cell","CSL +/+","CSL +/+ Xenograft Tumor 2nd"
"16","SRP068970","SRX1549593","Single Cell from Xenograft Tumor","Single Cell","CSL -/-","CSL KO Xenograft Tumor 1st"
"17","SRP068970","SRX1549815","Single Cell from Xenograft Tumor","Single Cell","CSL +/+","CSL +/+ Xenograft Tumor 2nd"
"18","SRP068970","SRX1549625","Single Cell from Xenograft Tumor","Single Cell","CSL -/-","CSL KO Xenograft Tumor 2nd"
"19","SRP068970","SRX1549502","MDA_MB_231 Cells","Cell Population","CSL +/+","n/a"
"20","SRP068970","SRX1549515","Single Cell from Xenograft Tumor","Single Cell","CSL -/-","CSL KO Xenograft Tumor 1st"
"21","SRP068970","SRX1549762","Single Cell from Xenograft Tumor","Single Cell","CSL +/+","CSL +/+ Xenograft Tumor 1st"
"22","SRP068970","SRX1549728","Single Cell from Xenograft Tumor","Single Cell","CSL +/+","CSL +/+ Xenograft Tumor 1st"
"23","SRP068970","SRX1549540","Single Cell from Xenograft Tumor","Single Cell","CSL -/-","CSL KO Xenograft Tumor 1st"
"24","SRP068970","SRX1549824","Single Cell from Xenograft Tumor","Single Cell","CSL +/+","CSL +/+ Xenograft Tumor 2nd"
"25","SRP068970","SRX1549583","Single Cell from Xenograft Tumor","Single Cell","CSL -/-","CSL KO Xenograft Tumor 1st"
"26","SRP068970","SRX1549513","Single Cell from Xenograft Tumor","Single Cell","CSL -/-","CSL KO Xenograft Tumor 1st"
"27","SRP068970","SRX1549739","Single Cell from Xenograft Tumor","Single Cell","CSL +/+","CSL +/+ Xenograft Tumor 1st"
"28","SRP068970","SRX1549603","Single Cell from Xenograft Tumor","Single Cell","CSL -/-","CSL KO Xenograft Tumor 2nd"
"29","SRP068970","SRX1549663","Single Cell from Xenograft Tumor","Single Cell","CSL -/-","CSL KO Xenograft Tumor 2nd"
"30","SRP068970","SRX1549544","Single Cell from Xenograft Tumor","Single Cell","CSL -/-","CSL KO Xenograft Tumor 1st"
"31","SRP068970","SRX1549684","Single Cell from Xenograft Tumor","Single Cell","CSL -/-","CSL KO Xenograft Tumor 2nd"
"32","SRP068970","SRX1549826","Single Cell from Xenograft Tumor","Single Cell","CSL +/+","CSL +/+ Xenograft Tumor 2nd"
"33","SRP068970","SRX1549683","Single Cell from Xenograft Tumor","Single Cell","CSL -/-","CSL KO Xenograft Tumor 2nd"
"34","SRP068970","SRX1549794","Single Cell from Xenograft Tumor","Single Cell","CSL +/+","CSL +/+ Xenograft Tumor 2nd"
"35","SRP068970","SRX1549578","Single Cell from Xenograft Tumor","Single Cell","CSL -/-","CSL KO Xenograft Tumor 1st"
"36","SRP068970","SRX1549523","Single Cell from Xenograft Tumor","Single Cell","CSL -/-","CSL KO Xenograft Tumor 1st"
"37","SRP068970","SRX1549743","Single Cell from Xenograft Tumor","Single Cell","CSL +/+","CSL +/+ Xenograft Tumor 1st"
"38","SRP068970","SRX1549718","Single Cell from Xenograft Tumor","Single Cell","CSL +/+","CSL +/+ Xenograft Tumor 1st"
"39","SRP068970","SRX1549542","Single Cell from Xenograft Tumor","Single Cell","CSL -/-","CSL KO Xenograft Tumor 1st"
"40","SRP068970","SRX1549686","Single Cell from Xenograft Tumor","Single Cell","CSL -/-","CSL KO Xenograft Tumor 2nd"
"41","SRP068970","SRX1549774","Single Cell from Xenograft Tumor","Single Cell","CSL +/+","CSL +/+ Xenograft Tumor 1st"
"42","SRP068970","SRX1549883","Single Cell from Xenograft Tumor","Single Cell","CSL -/-","CSL KO Xenograft Tumor 1st"
"43","SRP068970","SRX1549723","Single Cell from Xenograft Tumor","Single Cell","CSL +/+","CSL +/+ Xenograft Tumor 1st"
"44","SRP068970","SRX1549655","Single Cell from Xenograft Tumor","Single Cell","CSL -/-","CSL KO Xenograft Tumor 2nd"
"45","SRP068970","SRX1549492","MDA_MB_231 Cells","Cell Population","CSL +/+","n/a"
"46","SRP068970","SRX1549786","Single Cell from Xenograft Tumor","Single Cell","CSL +/+","CSL +/+ Xenograft Tumor 1st"
"47","SRP068970","SRX1549773","Single Cell from Xenograft Tumor","Single Cell","CSL +/+","CSL +/+ Xenograft Tumor 1st"
"48","SRP068970","SRX1549642","Single Cell from Xenograft Tumor","Single Cell","CSL -/-","CSL KO Xenograft Tumor 2nd"
"49","SRP068970","SRX1549822","Single Cell from Xenograft Tumor","Single Cell","CSL +/+","CSL +/+ Xenograft Tumor 2nd"
"50","SRP068970","SRX1549753","Single Cell from Xenograft Tumor","Single Cell","CSL +/+","CSL +/+ Xenograft Tumor 1st"
"51","SRP068970","SRX1549644","Single Cell from Xenograft Tumor","Single Cell","CSL -/-","CSL KO Xenograft Tumor 2nd"
"52","SRP068970","SRX1549529","Single Cell from Xenograft Tumor","Single Cell","CSL -/-","CSL KO Xenograft Tumor 1st"
"53","SRP068970","SRX1549837","Single Cell from Xenograft Tumor","Single Cell","CSL +/+","CSL +/+ Xenograft Tumor 2nd"
"54","SRP068970","SRX1549857","Single Cell from Xenograft Tumor","Single Cell","CSL +/+","CSL +/+ Xenograft Tumor 2nd"
"55","SRP068970","SRX1549650","Single Cell from Xenograft Tumor","Single Cell","CSL -/-","CSL KO Xenograft Tumor 2nd"
"56","SRP068970","SRX1549804","Single Cell from Xenograft Tumor","Single Cell","CSL +/+","CSL +/+ Xenograft Tumor 2nd"
"57","SRP068970","SRX1549624","Single Cell from Xenograft Tumor","Single Cell","CSL -/-","CSL KO Xenograft Tumor 2nd"
"58","SRP068970","SRX1549546","Single Cell from Xenograft Tumor","Single Cell","CSL -/-","CSL KO Xenograft Tumor 1st"
"59","SRP068970","SRX1549568","Single Cell from Xenograft Tumor","Single Cell","CSL -/-","CSL KO Xenograft Tumor 1st"
"60","SRP068970","SRX1549579","Single Cell from Xenograft Tumor","Single Cell","CSL -/-","CSL KO Xenograft Tumor 1st"
"61","SRP068970","SRX1549556","Single Cell from Xenograft Tumor","Single Cell","CSL -/-","CSL KO Xenograft Tumor 1st"
"62","SRP068970","SRX1549821","Single Cell from Xenograft Tumor","Single Cell","CSL +/+","CSL +/+ Xenograft Tumor 2nd"
"63","SRP068970","SRX1549506","MDA_MB_231 Cells","Cell Population","CSL -/-","n/a"
"64","SRP068970","SRX1549627","Single Cell from Xenograft Tumor","Single Cell","CSL -/-","CSL KO Xenograft Tumor 2nd"
"65","SRP068970","SRX1549697","Single Cell from Xenograft Tumor","Single Cell","CSL +/+","CSL +/+ Xenograft Tumor 1st"
"66","SRP068970","SRX1549886","Single Cell from Xenograft Tumor","Single Cell","CSL -/-","CSL KO Xenograft Tumor 1st"
"67","SRP068970","SRX1549656","Single Cell from Xenograft Tumor","Single Cell","CSL -/-","CSL KO Xenograft Tumor 2nd"
"68","SRP068970","SRX1549514","Single Cell from Xenograft Tumor","Single Cell","CSL -/-","CSL KO Xenograft Tumor 1st"
"69","SRP068970","SRX1549717","Single Cell from Xenograft Tumor","Single Cell","CSL +/+","CSL +/+ Xenograft Tumor 1st"
"70","SRP068970","SRX1549880","Single Cell from Xenograft Tumor","Single Cell","CSL +/+","CSL +/+ Xenograft Tumor 2nd"
"71","SRP068970","SRX1549853","Single Cell from Xenograft Tumor","Single Cell","CSL +/+","CSL +/+ Xenograft Tumor 2nd"
"72","SRP068970","SRX1549589","Single Cell from Xenograft Tumor","Single Cell","CSL -/-","CSL KO Xenograft Tumor 1st"
"73","SRP068970","SRX1549600","Single Cell from Xenograft Tumor","Single Cell","CSL -/-","CSL KO Xenograft Tumor 2nd"
"74","SRP068970","SRX1549750","Single Cell from Xenograft Tumor","Single Cell","CSL +/+","CSL +/+ Xenograft Tumor 1st"
"75","SRP068970","SRX1549591","Single Cell from Xenograft Tumor","Single Cell","CSL -/-","CSL KO Xenograft Tumor 1st"
"76","SRP068970","SRX1549830","Single Cell from Xenograft Tumor","Single Cell","CSL +/+","CSL +/+ Xenograft Tumor 2nd"
"77","SRP068970","SRX1549604","Single Cell from Xenograft Tumor","Single Cell","CSL -/-","CSL KO Xenograft Tumor 2nd"
"78","SRP068970","SRX1549834","Single Cell from Xenograft Tumor","Single Cell","CSL +/+","CSL +/+ Xenograft Tumor 2nd"
"79","SRP068970","SRX1549582","Single Cell from Xenograft Tumor","Single Cell","CSL -/-","CSL KO Xenograft Tumor 1st"
"80","SRP068970","SRX1549738","Single Cell from Xenograft Tumor","Single Cell","CSL +/+","CSL +/+ Xenograft Tumor 1st"
"81","SRP068970","SRX1549720","Single Cell from Xenograft Tumor","Single Cell","CSL +/+","CSL +/+ Xenograft Tumor 1st"
"82","SRP068970","SRX1549783","Single Cell from Xenograft Tumor","Single Cell","CSL +/+","CSL +/+ Xenograft Tumor 1st"
"83","SRP068970","SRX1549769","Single Cell from Xenograft Tumor","Single Cell","CSL +/+","CSL +/+ Xenograft Tumor 1st"
"84","SRP068970","SRX1549486","Xenograft Tumor","Xenograft","CSL +/+","Late graft"
"85","SRP068970","SRX1549755","Single Cell from Xenograft Tumor","Single Cell","CSL +/+","CSL +/+ Xenograft Tumor 1st"
"86","SRP068970","SRX1549872","Single Cell from Xenograft Tumor","Single Cell","CSL +/+","CSL +/+ Xenograft Tumor 2nd"
"87","SRP068970","SRX1549618","Single Cell from Xenograft Tumor","Single Cell","CSL -/-","CSL KO Xenograft Tumor 2nd"
"88","SRP068970","SRX1549590","Single Cell from Xenograft Tumor","Single Cell","CSL -/-","CSL KO Xenograft Tumor 1st"
"89","SRP068970","SRX1549816","Single Cell from Xenograft Tumor","Single Cell","CSL +/+","CSL +/+ Xenograft Tumor 2nd"
"90","SRP068970","SRX1549741","Single Cell from Xenograft Tumor","Single Cell","CSL +/+","CSL +/+ Xenograft Tumor 1st"
"91","SRP068970","SRX1549835","Single Cell from Xenograft Tumor","Single Cell","CSL +/+","CSL +/+ Xenograft Tumor 2nd"
"92","SRP068970","SRX1549570","Single Cell from Xenograft Tumor","Single Cell","CSL -/-","CSL KO Xenograft Tumor 1st"
"93","SRP068970","SRX1549508","MDA_MB_231 Cells","Cell Population","CSL -/-","n/a"
"94","SRP068970","SRX1549873","Single Cell from Xenograft Tumor","Single Cell","CSL +/+","CSL +/+ Xenograft Tumor 2nd"
"95","SRP068970","SRX1549796","Single Cell from Xenograft Tumor","Single Cell","CSL +/+","CSL +/+ Xenograft Tumor 2nd"
"96","SRP068970","SRX1549798","Single Cell from Xenograft Tumor","Single Cell","CSL +/+","CSL +/+ Xenograft Tumor 2nd"
"97","SRP068970","SRX1549877","Single Cell from Xenograft Tumor","Single Cell","CSL +/+","CSL +/+ Xenograft Tumor 2nd"
"98","SRP068970","SRX1549543","Single Cell from Xenograft Tumor","Single Cell","CSL -/-","CSL KO Xenograft Tumor 1st"
"99","SRP068970","SRX1549731","Single Cell from Xenograft Tumor","Single Cell","CSL +/+","CSL +/+ Xenograft Tumor 1st"
"100","SRP068970","SRX1549833","Single Cell from Xenograft Tumor","Single Cell","CSL +/+","CSL +/+ Xenograft Tumor 2nd"
"101","SRP068970","SRX1549615","Single Cell from Xenograft Tumor","Single Cell","CSL -/-","CSL KO Xenograft Tumor 2nd"
"102","SRP068970","SRX1549841","Single Cell from Xenograft Tumor","Single Cell","CSL +/+","CSL +/+ Xenograft Tumor 2nd"
"103","SRP068970","SRX1549801","Single Cell from Xenograft Tumor","Single Cell","CSL +/+","CSL +/+ Xenograft Tumor 2nd"
"104","SRP068970","SRX1549706","Single Cell from Xenograft Tumor","Single Cell","CSL +/+","CSL +/+ Xenograft Tumor 1st"
"105","SRP068970","SRX1549843","Single Cell from Xenograft Tumor","Single Cell","CSL +/+","CSL +/+ Xenograft Tumor 2nd"
"106","SRP068970","SRX1549811","Single Cell from Xenograft Tumor","Single Cell","CSL +/+","CSL +/+ Xenograft Tumor 2nd"
"107","SRP068970","SRX1549867","Single Cell from Xenograft Tumor","Single Cell","CSL +/+","CSL +/+ Xenograft Tumor 2nd"
"108","SRP068970","SRX1549725","Single Cell from Xenograft Tumor","Single Cell","CSL +/+","CSL +/+ Xenograft Tumor 1st"
"109","SRP068970","SRX1549870","Single Cell from Xenograft Tumor","Single Cell","CSL +/+","CSL +/+ Xenograft Tumor 2nd"
"110","SRP068970","SRX1549566","Single Cell from Xenograft Tumor","Single Cell","CSL -/-","CSL KO Xenograft Tumor 1st"
"111","SRP068970","SRX1549709","Single Cell from Xenograft Tumor","Single Cell","CSL +/+","CSL +/+ Xenograft Tumor 1st"
"112","SRP068970","SRX1549545","Single Cell from Xenograft Tumor","Single Cell","CSL -/-","CSL KO Xenograft Tumor 1st"
"113","SRP068970","SRX1549874","Single Cell from Xenograft Tumor","Single Cell","CSL +/+","CSL +/+ Xenograft Tumor 2nd"
"114","SRP068970","SRX1549551","Single Cell from Xenograft Tumor","Single Cell","CSL -/-","CSL KO Xenograft Tumor 1st"
"115","SRP068970","SRX1549668","Single Cell from Xenograft Tumor","Single Cell","CSL -/-","CSL KO Xenograft Tumor 2nd"
"116","SRP068970","SRX1549788","Single Cell from Xenograft Tumor","Single Cell","CSL +/+","CSL +/+ Xenograft Tumor 2nd"
"117","SRP068970","SRX1549679","Single Cell from Xenograft Tumor","Single Cell","CSL -/-","CSL KO Xenograft Tumor 2nd"
"118","SRP068970","SRX1549884","Single Cell from Xenograft Tumor","Single Cell","CSL -/-","CSL KO Xenograft Tumor 1st"
"119","SRP068970","SRX1549562","Single Cell from Xenograft Tumor","Single Cell","CSL -/-","CSL KO Xenograft Tumor 1st"
"120","SRP068970","SRX1549629","Single Cell from Xenograft Tumor","Single Cell","CSL -/-","CSL KO Xenograft Tumor 2nd"
"121","SRP068970","SRX1549581","Single Cell from Xenograft Tumor","Single Cell","CSL -/-","CSL KO Xenograft Tumor 1st"
"122","SRP068970","SRX1549881","Single Cell from Xenograft Tumor","Single Cell","CSL +/+","CSL +/+ Xenograft Tumor 2nd"
"123","SRP068970","SRX1549496","MDA_MB_231 Cells","Cell Population","CSL +/+","n/a"
"124","SRP068970","SRX1549778","Single Cell from Xenograft Tumor","Single Cell","CSL +/+","CSL +/+ Xenograft Tumor 1st"
"125","SRP068970","SRX1549687","Single Cell from Xenograft Tumor","Single Cell","CSL -/-","CSL KO Xenograft Tumor 2nd"
"126","SRP068970","SRX1549708","Single Cell from Xenograft Tumor","Single Cell","CSL +/+","CSL +/+ Xenograft Tumor 1st"
"127","SRP068970","SRX1549782","Single Cell from Xenograft Tumor","Single Cell","CSL +/+","CSL +/+ Xenograft Tumor 1st"
"128","SRP068970","SRX1549847","Single Cell from Xenograft Tumor","Single Cell","CSL +/+","CSL +/+ Xenograft Tumor 2nd"
"129","SRP068970","SRX1549559","Single Cell from Xenograft Tumor","Single Cell","CSL -/-","CSL KO Xenograft Tumor 1st"
"130","SRP068970","SRX1549732","Single Cell from Xenograft Tumor","Single Cell","CSL +/+","CSL +/+ Xenograft Tumor 1st"
"131","SRP068970","SRX1549715","Single Cell from Xenograft Tumor","Single Cell","CSL +/+","CSL +/+ Xenograft Tumor 1st"
"132","SRP068970","SRX1549550","Single Cell from Xenograft Tumor","Single Cell","CSL -/-","CSL KO Xenograft Tumor 1st"
"133","SRP068970","SRX1549823","Single Cell from Xenograft Tumor","Single Cell","CSL +/+","CSL +/+ Xenograft Tumor 2nd"
"134","SRP068970","SRX1549597","Single Cell from Xenograft Tumor","Single Cell","CSL -/-","CSL KO Xenograft Tumor 1st"
"135","SRP068970","SRX1549586","Single Cell from Xenograft Tumor","Single Cell","CSL -/-","CSL KO Xenograft Tumor 1st"
"136","SRP068970","SRX1549712","Single Cell from Xenograft Tumor","Single Cell","CSL +/+","CSL +/+ Xenograft Tumor 1st"
"137","SRP068970","SRX1549688","Single Cell from Xenograft Tumor","Single Cell","CSL -/-","CSL KO Xenograft Tumor 2nd"
"138","SRP068970","SRX1549613","Single Cell from Xenograft Tumor","Single Cell","CSL -/-","CSL KO Xenograft Tumor 2nd"
"139","SRP068970","SRX1549658","Single Cell from Xenograft Tumor","Single Cell","CSL -/-","CSL KO Xenograft Tumor 2nd"
"140","SRP068970","SRX1549652","Single Cell from Xenograft Tumor","Single Cell","CSL -/-","CSL KO Xenograft Tumor 2nd"
"141","SRP068970","SRX1549667","Single Cell from Xenograft Tumor","Single Cell","CSL -/-","CSL KO Xenograft Tumor 2nd"
"142","SRP068970","SRX1549504","MDA_MB_231 Cells","Cell Population","CSL -/-","n/a"
"143","SRP068970","SRX1549541","Single Cell from Xenograft Tumor","Single Cell","CSL -/-","CSL KO Xenograft Tumor 1st"
"144","SRP068970","SRX1549606","Single Cell from Xenograft Tumor","Single Cell","CSL -/-","CSL KO Xenograft Tumor 2nd"
"145","SRP068970","SRX1549690","Single Cell from Xenograft Tumor","Single Cell","CSL -/-","CSL KO Xenograft Tumor 2nd"
"146","SRP068970","SRX1549694","Single Cell from Xenograft Tumor","Single Cell","CSL +/+","CSL +/+ Xenograft Tumor 1st"
"147","SRP068970","SRX1549838","Single Cell from Xenograft Tumor","Single Cell","CSL +/+","CSL +/+ Xenograft Tumor 2nd"
"148","SRP068970","SRX1549842","Single Cell from Xenograft Tumor","Single Cell","CSL +/+","CSL +/+ Xenograft Tumor 2nd"
"149","SRP068970","SRX1549809","Single Cell from Xenograft Tumor","Single Cell","CSL +/+","CSL +/+ Xenograft Tumor 2nd"
"150","SRP068970","SRX1549727","Single Cell from Xenograft Tumor","Single Cell","CSL +/+","CSL +/+ Xenograft Tumor 1st"
"151","SRP068970","SRX1549532","Single Cell from Xenograft Tumor","Single Cell","CSL -/-","CSL KO Xenograft Tumor 1st"
"152","SRP068970","SRX1549677","Single Cell from Xenograft Tumor","Single Cell","CSL -/-","CSL KO Xenograft Tumor 2nd"
"153","SRP068970","SRX1549726","Single Cell from Xenograft Tumor","Single Cell","CSL +/+","CSL +/+ Xenograft Tumor 1st"
"154","SRP068970","SRX1549584","Single Cell from Xenograft Tumor","Single Cell","CSL -/-","CSL KO Xenograft Tumor 1st"
"155","SRP068970","SRX1549803","Single Cell from Xenograft Tumor","Single Cell","CSL +/+","CSL +/+ Xenograft Tumor 2nd"
"156","SRP068970","SRX1549695","Single Cell from Xenograft Tumor","Single Cell","CSL +/+","CSL +/+ Xenograft Tumor 1st"
"157","SRP068970","SRX1549789","Single Cell from Xenograft Tumor","Single Cell","CSL +/+","CSL +/+ Xenograft Tumor 2nd"
"158","SRP068970","SRX1549749","Single Cell from Xenograft Tumor","Single Cell","CSL +/+","CSL +/+ Xenograft Tumor 1st"
"159","SRP068970","SRX1549770","Single Cell from Xenograft Tumor","Single Cell","CSL +/+","CSL +/+ Xenograft Tumor 1st"
"160","SRP068970","SRX1549736","Single Cell from Xenograft Tumor","Single Cell","CSL +/+","CSL +/+ Xenograft Tumor 1st"
"161","SRP068970","SRX1549734","Single Cell from Xenograft Tumor","Single Cell","CSL +/+","CSL +/+ Xenograft Tumor 1st"
"162","SRP068970","SRX1549674","Single Cell from Xenograft Tumor","Single Cell","CSL -/-","CSL KO Xenograft Tumor 2nd"
"163","SRP068970","SRX1549676","Single Cell from Xenograft Tumor","Single Cell","CSL -/-","CSL KO Xenograft Tumor 2nd"
"164","SRP068970","SRX1549735","Single Cell from Xenograft Tumor","Single Cell","CSL +/+","CSL +/+ Xenograft Tumor 1st"
"165","SRP068970","SRX1549565","Single Cell from Xenograft Tumor","Single Cell","CSL -/-","CSL KO Xenograft Tumor 1st"
"166","SRP068970","SRX1549756","Single Cell from Xenograft Tumor","Single Cell","CSL +/+","CSL +/+ Xenograft Tumor 1st"
"167","SRP068970","SRX1549765","Single Cell from Xenograft Tumor","Single Cell","CSL +/+","CSL +/+ Xenograft Tumor 1st"
"168","SRP068970","SRX1549505","MDA_MB_231 Cells","Cell Population","CSL -/-","n/a"
"169","SRP068970","SRX1549630","Single Cell from Xenograft Tumor","Single Cell","CSL -/-","CSL KO Xenograft Tumor 2nd"
"170","SRP068970","SRX1549594","Single Cell from Xenograft Tumor","Single Cell","CSL -/-","CSL KO Xenograft Tumor 1st"
"171","SRP068970","SRX1549721","Single Cell from Xenograft Tumor","Single Cell","CSL +/+","CSL +/+ Xenograft Tumor 1st"
"172","SRP068970","SRX1549848","Single Cell from Xenograft Tumor","Single Cell","CSL +/+","CSL +/+ Xenograft Tumor 2nd"
"173","SRP068970","SRX1549646","Single Cell from Xenograft Tumor","Single Cell","CSL -/-","CSL KO Xenograft Tumor 2nd"
"174","SRP068970","SRX1549553","Single Cell from Xenograft Tumor","Single Cell","CSL -/-","CSL KO Xenograft Tumor 1st"
"175","SRP068970","SRX1549605","Single Cell from Xenograft Tumor","Single Cell","CSL -/-","CSL KO Xenograft Tumor 2nd"
"176","SRP068970","SRX1549563","Single Cell from Xenograft Tumor","Single Cell","CSL -/-","CSL KO Xenograft Tumor 1st"
"177","SRP068970","SRX1549781","Single Cell from Xenograft Tumor","Single Cell","CSL +/+","CSL +/+ Xenograft Tumor 1st"
"178","SRP068970","SRX1549751","Single Cell from Xenograft Tumor","Single Cell","CSL +/+","CSL +/+ Xenograft Tumor 1st"
"179","SRP068970","SRX1549818","Single Cell from Xenograft Tumor","Single Cell","CSL +/+","CSL +/+ Xenograft Tumor 2nd"
"180","SRP068970","SRX1549776","Single Cell from Xenograft Tumor","Single Cell","CSL +/+","CSL +/+ Xenograft Tumor 1st"
"181","SRP068970","SRX1549640","Single Cell from Xenograft Tumor","Single Cell","CSL -/-","CSL KO Xenograft Tumor 2nd"
"182","SRP068970","SRX1549746","Single Cell from Xenograft Tumor","Single Cell","CSL +/+","CSL +/+ Xenograft Tumor 1st"
"183","SRP068970","SRX1549862","Single Cell from Xenograft Tumor","Single Cell","CSL +/+","CSL +/+ Xenograft Tumor 2nd"
"184","SRP068970","SRX1549525","Single Cell from Xenograft Tumor","Single Cell","CSL -/-","CSL KO Xenograft Tumor 1st"
"185","SRP068970","SRX1549535","Single Cell from Xenograft Tumor","Single Cell","CSL -/-","CSL KO Xenograft Tumor 1st"
"186","SRP068970","SRX1549673","Single Cell from Xenograft Tumor","Single Cell","CSL -/-","CSL KO Xenograft Tumor 2nd"
"187","SRP068970","SRX1549569","Single Cell from Xenograft Tumor","Single Cell","CSL -/-","CSL KO Xenograft Tumor 1st"
"188","SRP068970","SRX1549777","Single Cell from Xenograft Tumor","Single Cell","CSL +/+","CSL +/+ Xenograft Tumor 1st"
"189","SRP068970","SRX1549839","Single Cell from Xenograft Tumor","Single Cell","CSL +/+","CSL +/+ Xenograft Tumor 2nd"
"190","SRP068970","SRX1549702","Single Cell from Xenograft Tumor","Single Cell","CSL +/+","CSL +/+ Xenograft Tumor 1st"
"191","SRP068970","SRX1549864","Single Cell from Xenograft Tumor","Single Cell","CSL +/+","CSL +/+ Xenograft Tumor 2nd"
"192","SRP068970","SRX1549851","Single Cell from Xenograft Tumor","Single Cell","CSL +/+","CSL +/+ Xenograft Tumor 2nd"
"193","SRP068970","SRX1549536","Single Cell from Xenograft Tumor","Single Cell","CSL -/-","CSL KO Xenograft Tumor 1st"
"194","SRP068970","SRX1549793","Single Cell from Xenograft Tumor","Single Cell","CSL +/+","CSL +/+ Xenograft Tumor 2nd"
"195","SRP068970","SRX1549497","MDA_MB_231 Cells","Cell Population","CSL +/+","n/a"
"196","SRP068970","SRX1549859","Single Cell from Xenograft Tumor","Single Cell","CSL +/+","CSL +/+ Xenograft Tumor 2nd"
"197","SRP068970","SRX1549647","Single Cell from Xenograft Tumor","Single Cell","CSL -/-","CSL KO Xenograft Tumor 2nd"
"198","SRP068970","SRX1549576","Single Cell from Xenograft Tumor","Single Cell","CSL -/-","CSL KO Xenograft Tumor 1st"
"199","SRP068970","SRX1549831","Single Cell from Xenograft Tumor","Single Cell","CSL +/+","CSL +/+ Xenograft Tumor 2nd"
"200","SRP068970","SRX1549564","Single Cell from Xenograft Tumor","Single Cell","CSL -/-","CSL KO Xenograft Tumor 1st"
"201","SRP068970","SRX1549639","Single Cell from Xenograft Tumor","Single Cell","CSL -/-","CSL KO Xenograft Tumor 2nd"
"202","SRP068970","SRX1549744","Single Cell from Xenograft Tumor","Single Cell","CSL +/+","CSL +/+ Xenograft Tumor 1st"
"203","SRP068970","SRX1549510","MDA_MB_231 Cells","Cell Population","CSL -/-","n/a"
"204","SRP068970","SRX1549745","Single Cell from Xenograft Tumor","Single Cell","CSL +/+","CSL +/+ Xenograft Tumor 1st"
"205","SRP068970","SRX1549489","Xenograft Tumor","Xenograft","CSL -/-","Early graft"
"206","SRP068970","SRX1549675","Single Cell from Xenograft Tumor","Single Cell","CSL -/-","CSL KO Xenograft Tumor 2nd"
"207","SRP068970","SRX1549800","Single Cell from Xenograft Tumor","Single Cell","CSL +/+","CSL +/+ Xenograft Tumor 2nd"
"208","SRP068970","SRX1549632","Single Cell from Xenograft Tumor","Single Cell","CSL -/-","CSL KO Xenograft Tumor 2nd"
"209","SRP068970","SRX1549620","Single Cell from Xenograft Tumor","Single Cell","CSL -/-","CSL KO Xenograft Tumor 2nd"
"210","SRP068970","SRX1549611","Single Cell from Xenograft Tumor","Single Cell","CSL -/-","CSL KO Xenograft Tumor 2nd"
"211","SRP068970","SRX1549693","Single Cell from Xenograft Tumor","Single Cell","CSL +/+","CSL +/+ Xenograft Tumor 1st"
"212","SRP068970","SRX1549617","Single Cell from Xenograft Tumor","Single Cell","CSL -/-","CSL KO Xenograft Tumor 2nd"
"213","SRP068970","SRX1549689","Single Cell from Xenograft Tumor","Single Cell","CSL -/-","CSL KO Xenograft Tumor 2nd"
"214","SRP068970","SRX1549754","Single Cell from Xenograft Tumor","Single Cell","CSL +/+","CSL +/+ Xenograft Tumor 1st"
"215","SRP068970","SRX1549827","Single Cell from Xenograft Tumor","Single Cell","CSL +/+","CSL +/+ Xenograft Tumor 2nd"
"216","SRP068970","SRX1549868","Single Cell from Xenograft Tumor","Single Cell","CSL +/+","CSL +/+ Xenograft Tumor 2nd"
"217","SRP068970","SRX1549648","Single Cell from Xenograft Tumor","Single Cell","CSL -/-","CSL KO Xenograft Tumor 2nd"
"218","SRP068970","SRX1549772","Single Cell from Xenograft Tumor","Single Cell","CSL +/+","CSL +/+ Xenograft Tumor 1st"
"219","SRP068970","SRX1549531","Single Cell from Xenograft Tumor","Single Cell","CSL -/-","CSL KO Xenograft Tumor 1st"
"220","SRP068970","SRX1549485","Xenograft Tumor","Xenograft","CSL +/+","Early graft"
"221","SRP068970","SRX1549527","Single Cell from Xenograft Tumor","Single Cell","CSL -/-","CSL KO Xenograft Tumor 1st"
"222","SRP068970","SRX1549763","Single Cell from Xenograft Tumor","Single Cell","CSL +/+","CSL +/+ Xenograft Tumor 1st"
"223","SRP068970","SRX1549665","Single Cell from Xenograft Tumor","Single Cell","CSL -/-","CSL KO Xenograft Tumor 2nd"
"224","SRP068970","SRX1549636","Single Cell from Xenograft Tumor","Single Cell","CSL -/-","CSL KO Xenograft Tumor 2nd"
"225","SRP068970","SRX1549813","Single Cell from Xenograft Tumor","Single Cell","CSL +/+","CSL +/+ Xenograft Tumor 2nd"
"226","SRP068970","SRX1549557","Single Cell from Xenograft Tumor","Single Cell","CSL -/-","CSL KO Xenograft Tumor 1st"
"227","SRP068970","SRX1549610","Single Cell from Xenograft Tumor","Single Cell","CSL -/-","CSL KO Xenograft Tumor 2nd"
"228","SRP068970","SRX1549616","Single Cell from Xenograft Tumor","Single Cell","CSL -/-","CSL KO Xenograft Tumor 2nd"
"229","SRP068970","SRX1549634","Single Cell from Xenograft Tumor","Single Cell","CSL -/-","CSL KO Xenograft Tumor 2nd"
"230","SRP068970","SRX1549626","Single Cell from Xenograft Tumor","Single Cell","CSL -/-","CSL KO Xenograft Tumor 2nd"
"231","SRP068970","SRX1549599","Single Cell from Xenograft Tumor","Single Cell","CSL -/-","CSL KO Xenograft Tumor 1st"
"232","SRP068970","SRX1549517","Single Cell from Xenograft Tumor","Single Cell","CSL -/-","CSL KO Xenograft Tumor 1st"
"233","SRP068970","SRX1549790","Single Cell from Xenograft Tumor","Single Cell","CSL +/+","CSL +/+ Xenograft Tumor 2nd"
"234","SRP068970","SRX1549791","Single Cell from Xenograft Tumor","Single Cell","CSL +/+","CSL +/+ Xenograft Tumor 2nd"
"235","SRP068970","SRX1549608","Single Cell from Xenograft Tumor","Single Cell","CSL -/-","CSL KO Xenograft Tumor 2nd"
"236","SRP068970","SRX1549643","Single Cell from Xenograft Tumor","Single Cell","CSL -/-","CSL KO Xenograft Tumor 2nd"
"237","SRP068970","SRX1549705","Single Cell from Xenograft Tumor","Single Cell","CSL +/+","CSL +/+ Xenograft Tumor 1st"
"238","SRP068970","SRX1549696","Single Cell from Xenograft Tumor","Single Cell","CSL +/+","CSL +/+ Xenograft Tumor 1st"
"239","SRP068970","SRX1549501","MDA_MB_231 Cells","Cell Population","CSL +/+","n/a"
"240","SRP068970","SRX1549526","Single Cell from Xenograft Tumor","Single Cell","CSL -/-","CSL KO Xenograft Tumor 1st"
"241","SRP068970","SRX1549810","Single Cell from Xenograft Tumor","Single Cell","CSL +/+","CSL +/+ Xenograft Tumor 2nd"
"242","SRP068970","SRX1549775","Single Cell from Xenograft Tumor","Single Cell","CSL +/+","CSL +/+ Xenograft Tumor 1st"
"243","SRP068970","SRX1549795","Single Cell from Xenograft Tumor","Single Cell","CSL +/+","CSL +/+ Xenograft Tumor 2nd"
"244","SRP068970","SRX1549518","Single Cell from Xenograft Tumor","Single Cell","CSL -/-","CSL KO Xenograft Tumor 1st"
"245","SRP068970","SRX1549607","Single Cell from Xenograft Tumor","Single Cell","CSL -/-","CSL KO Xenograft Tumor 2nd"
"246","SRP068970","SRX1549638","Single Cell from Xenograft Tumor","Single Cell","CSL -/-","CSL KO Xenograft Tumor 2nd"
"247","SRP068970","SRX1549752","Single Cell from Xenograft Tumor","Single Cell","CSL +/+","CSL +/+ Xenograft Tumor 1st"
"248","SRP068970","SRX1549698","Single Cell from Xenograft Tumor","Single Cell","CSL +/+","CSL +/+ Xenograft Tumor 1st"
"249","SRP068970","SRX1549828","Single Cell from Xenograft Tumor","Single Cell","CSL +/+","CSL +/+ Xenograft Tumor 2nd"
"250","SRP068970","SRX1549846","Single Cell from Xenograft Tumor","Single Cell","CSL +/+","CSL +/+ Xenograft Tumor 2nd"
"251","SRP068970","SRX1549802","Single Cell from Xenograft Tumor","Single Cell","CSL +/+","CSL +/+ Xenograft Tumor 2nd"
"252","SRP068970","SRX1549699","Single Cell from Xenograft Tumor","Single Cell","CSL +/+","CSL +/+ Xenograft Tumor 1st"
"253","SRP068970","SRX1549585","Single Cell from Xenograft Tumor","Single Cell","CSL -/-","CSL KO Xenograft Tumor 1st"
"254","SRP068970","SRX1549555","Single Cell from Xenograft Tumor","Single Cell","CSL -/-","CSL KO Xenograft Tumor 1st"
"255","SRP068970","SRX1549588","Single Cell from Xenograft Tumor","Single Cell","CSL -/-","CSL KO Xenograft Tumor 1st"
"256","SRP068970","SRX1549595","Single Cell from Xenograft Tumor","Single Cell","CSL -/-","CSL KO Xenograft Tumor 1st"
"257","SRP068970","SRX1549491","Xenograft Tumor","Xenograft","CSL -/-","Late graft"
"258","SRP068970","SRX1549552","Single Cell from Xenograft Tumor","Single Cell","CSL -/-","CSL KO Xenograft Tumor 1st"
"259","SRP068970","SRX1549747","Single Cell from Xenograft Tumor","Single Cell","CSL +/+","CSL +/+ Xenograft Tumor 1st"
"260","SRP068970","SRX1549876","Single Cell from Xenograft Tumor","Single Cell","CSL +/+","CSL +/+ Xenograft Tumor 2nd"
"261","SRP068970","SRX1549878","Single Cell from Xenograft Tumor","Single Cell","CSL +/+","CSL +/+ Xenograft Tumor 2nd"
"262","SRP068970","SRX1549733","Single Cell from Xenograft Tumor","Single Cell","CSL +/+","CSL +/+ Xenograft Tumor 1st"
"263","SRP068970","SRX1549572","Single Cell from Xenograft Tumor","Single Cell","CSL -/-","CSL KO Xenograft Tumor 1st"
"264","SRP068970","SRX1549573","Single Cell from Xenograft Tumor","Single Cell","CSL -/-","CSL KO Xenograft Tumor 1st"
"265","SRP068970","SRX1549534","Single Cell from Xenograft Tumor","Single Cell","CSL -/-","CSL KO Xenograft Tumor 1st"
"266","SRP068970","SRX1549860","Single Cell from Xenograft Tumor","Single Cell","CSL +/+","CSL +/+ Xenograft Tumor 2nd"
"267","SRP068970","SRX1549549","Single Cell from Xenograft Tumor","Single Cell","CSL -/-","CSL KO Xenograft Tumor 1st"
"268","SRP068970","SRX1549522","Single Cell from Xenograft Tumor","Single Cell","CSL -/-","CSL KO Xenograft Tumor 1st"
"269","SRP068970","SRX1549780","Single Cell from Xenograft Tumor","Single Cell","CSL +/+","CSL +/+ Xenograft Tumor 1st"
"270","SRP068970","SRX1549761","Single Cell from Xenograft Tumor","Single Cell","CSL +/+","CSL +/+ Xenograft Tumor 1st"
"271","SRP068970","SRX1549635","Single Cell from Xenograft Tumor","Single Cell","CSL -/-","CSL KO Xenograft Tumor 2nd"
"272","SRP068970","SRX1549580","Single Cell from Xenograft Tumor","Single Cell","CSL -/-","CSL KO Xenograft Tumor 1st"
"273","SRP068970","SRX1549547","Single Cell from Xenograft Tumor","Single Cell","CSL -/-","CSL KO Xenograft Tumor 1st"
"274","SRP068970","SRX1549730","Single Cell from Xenograft Tumor","Single Cell","CSL +/+","CSL +/+ Xenograft Tumor 1st"
"275","SRP068970","SRX1549637","Single Cell from Xenograft Tumor","Single Cell","CSL -/-","CSL KO Xenograft Tumor 2nd"
"276","SRP068970","SRX1549503","MDA_MB_231 Cells","Cell Population","CSL +/+","n/a"
"277","SRP068970","SRX1549722","Single Cell from Xenograft Tumor","Single Cell","CSL +/+","CSL +/+ Xenograft Tumor 1st"
"278","SRP068970","SRX1549574","Single Cell from Xenograft Tumor","Single Cell","CSL -/-","CSL KO Xenograft Tumor 1st"
"279","SRP068970","SRX1549692","Single Cell from Xenograft Tumor","Single Cell","CSL +/+","CSL +/+ Xenograft Tumor 1st"
"280","SRP068970","SRX1549567","Single Cell from Xenograft Tumor","Single Cell","CSL -/-","CSL KO Xenograft Tumor 1st"
"281","SRP068970","SRX1549852","Single Cell from Xenograft Tumor","Single Cell","CSL +/+","CSL +/+ Xenograft Tumor 2nd"
"282","SRP068970","SRX1549792","Single Cell from Xenograft Tumor","Single Cell","CSL +/+","CSL +/+ Xenograft Tumor 2nd"
"283","SRP068970","SRX1549858","Single Cell from Xenograft Tumor","Single Cell","CSL +/+","CSL +/+ Xenograft Tumor 2nd"
"284","SRP068970","SRX1549530","Single Cell from Xenograft Tumor","Single Cell","CSL -/-","CSL KO Xenograft Tumor 1st"
"285","SRP068970","SRX1549785","Single Cell from Xenograft Tumor","Single Cell","CSL +/+","CSL +/+ Xenograft Tumor 1st"
"286","SRP068970","SRX1549879","Single Cell from Xenograft Tumor","Single Cell","CSL +/+","CSL +/+ Xenograft Tumor 2nd"
"287","SRP068970","SRX1549664","Single Cell from Xenograft Tumor","Single Cell","CSL -/-","CSL KO Xenograft Tumor 2nd"
"288","SRP068970","SRX1549609","Single Cell from Xenograft Tumor","Single Cell","CSL -/-","CSL KO Xenograft Tumor 2nd"
"289","SRP068970","SRX1549612","Single Cell from Xenograft Tumor","Single Cell","CSL -/-","CSL KO Xenograft Tumor 2nd"
"290","SRP068970","SRX1549703","Single Cell from Xenograft Tumor","Single Cell","CSL +/+","CSL +/+ Xenograft Tumor 1st"
"291","SRP068970","SRX1549707","Single Cell from Xenograft Tumor","Single Cell","CSL +/+","CSL +/+ Xenograft Tumor 1st"
"292","SRP068970","SRX1549764","Single Cell from Xenograft Tumor","Single Cell","CSL +/+","CSL +/+ Xenograft Tumor 1st"
"293","SRP068970","SRX1549519","Single Cell from Xenograft Tumor","Single Cell","CSL -/-","CSL KO Xenograft Tumor 1st"
"294","SRP068970","SRX1549711","Single Cell from Xenograft Tumor","Single Cell","CSL +/+","CSL +/+ Xenograft Tumor 1st"
"295","SRP068970","SRX1549829","Single Cell from Xenograft Tumor","Single Cell","CSL +/+","CSL +/+ Xenograft Tumor 2nd"
"296","SRP068970","SRX1549866","Single Cell from Xenograft Tumor","Single Cell","CSL +/+","CSL +/+ Xenograft Tumor 2nd"
"297","SRP068970","SRX1549863","Single Cell from Xenograft Tumor","Single Cell","CSL +/+","CSL +/+ Xenograft Tumor 2nd"
"298","SRP068970","SRX1549554","Single Cell from Xenograft Tumor","Single Cell","CSL -/-","CSL KO Xenograft Tumor 1st"
"299","SRP068970","SRX1549716","Single Cell from Xenograft Tumor","Single Cell","CSL +/+","CSL +/+ Xenograft Tumor 1st"
"300","SRP068970","SRX1549682","Single Cell from Xenograft Tumor","Single Cell","CSL -/-","CSL KO Xenograft Tumor 2nd"
"301","SRP068970","SRX1549836","Single Cell from Xenograft Tumor","Single Cell","CSL +/+","CSL +/+ Xenograft Tumor 2nd"
"302","SRP068970","SRX1549787","Single Cell from Xenograft Tumor","Single Cell","CSL +/+","CSL +/+ Xenograft Tumor 1st"
"303","SRP068970","SRX1549760","Single Cell from Xenograft Tumor","Single Cell","CSL +/+","CSL +/+ Xenograft Tumor 1st"
"304","SRP068970","SRX1549653","Single Cell from Xenograft Tumor","Single Cell","CSL -/-","CSL KO Xenograft Tumor 2nd"
"305","SRP068970","SRX1549495","Primary Culture from Xenograft Tumor","Cell Population","CSL -/-","n/a"
"306","SRP068970","SRX1549855","Single Cell from Xenograft Tumor","Single Cell","CSL +/+","CSL +/+ Xenograft Tumor 2nd"
"307","SRP068970","SRX1549500","MDA_MB_231 Cells","Cell Population","CSL +/+","n/a"
"308","SRP068970","SRX1549850","Single Cell from Xenograft Tumor","Single Cell","CSL +/+","CSL +/+ Xenograft Tumor 2nd"
"309","SRP068970","SRX1549520","Single Cell from Xenograft Tumor","Single Cell","CSL -/-","CSL KO Xenograft Tumor 1st"
"310","SRP068970","SRX1549539","Single Cell from Xenograft Tumor","Single Cell","CSL -/-","CSL KO Xenograft Tumor 1st"
"311","SRP068970","SRX1549797","Single Cell from Xenograft Tumor","Single Cell","CSL +/+","CSL +/+ Xenograft Tumor 2nd"
"312","SRP068970","SRX1549622","Single Cell from Xenograft Tumor","Single Cell","CSL -/-","CSL KO Xenograft Tumor 2nd"
"313","SRP068970","SRX1549484","Xenograft Tumor","Xenograft","CSL +/+","Early graft"
"314","SRP068970","SRX1549659","Single Cell from Xenograft Tumor","Single Cell","CSL -/-","CSL KO Xenograft Tumor 2nd"
"315","SRP068970","SRX1549602","Single Cell from Xenograft Tumor","Single Cell","CSL -/-","CSL KO Xenograft Tumor 2nd"
"316","SRP068970","SRX1549887","Single Cell from Xenograft Tumor","Single Cell","CSL -/-","CSL KO Xenograft Tumor 2nd"
"317","SRP068970","SRX1549537","Single Cell from Xenograft Tumor","Single Cell","CSL -/-","CSL KO Xenograft Tumor 1st"
"318","SRP068970","SRX1549654","Single Cell from Xenograft Tumor","Single Cell","CSL -/-","CSL KO Xenograft Tumor 2nd"
"319","SRP068970","SRX1549701","Single Cell from Xenograft Tumor","Single Cell","CSL +/+","CSL +/+ Xenograft Tumor 1st"
"320","SRP068970","SRX1549885","Single Cell from Xenograft Tumor","Single Cell","CSL -/-","CSL KO Xenograft Tumor 1st"
"321","SRP068970","SRX1549840","Single Cell from Xenograft Tumor","Single Cell","CSL +/+","CSL +/+ Xenograft Tumor 2nd"
"322","SRP068970","SRX1549691","Single Cell from Xenograft Tumor","Single Cell","CSL -/-","CSL KO Xenograft Tumor 2nd"
"323","SRP068970","SRX1549854","Single Cell from Xenograft Tumor","Single Cell","CSL +/+","CSL +/+ Xenograft Tumor 2nd"
"324","SRP068970","SRX1549521","Single Cell from Xenograft Tumor","Single Cell","CSL -/-","CSL KO Xenograft Tumor 1st"
"325","SRP068970","SRX1549882","Single Cell from Xenograft Tumor","Single Cell","CSL +/+","CSL +/+ Xenograft Tumor 2nd"
"326","SRP068970","SRX1549784","Single Cell from Xenograft Tumor","Single Cell","CSL +/+","CSL +/+ Xenograft Tumor 1st"
"327","SRP068970","SRX1549737","Single Cell from Xenograft Tumor","Single Cell","CSL +/+","CSL +/+ Xenograft Tumor 1st"
"328","SRP068970","SRX1549524","Single Cell from Xenograft Tumor","Single Cell","CSL -/-","CSL KO Xenograft Tumor 1st"
"329","SRP068970","SRX1549488","Xenograft Tumor","Xenograft","CSL -/-","Early graft"
"330","SRP068970","SRX1549619","Single Cell from Xenograft Tumor","Single Cell","CSL -/-","CSL KO Xenograft Tumor 2nd"
"331","SRP068970","SRX1549729","Single Cell from Xenograft Tumor","Single Cell","CSL +/+","CSL +/+ Xenograft Tumor 1st"
"332","SRP068970","SRX1549645","Single Cell from Xenograft Tumor","Single Cell","CSL -/-","CSL KO Xenograft Tumor 2nd"
"333","SRP068970","SRX1549587","Single Cell from Xenograft Tumor","Single Cell","CSL -/-","CSL KO Xenograft Tumor 1st"
"334","SRP068970","SRX1549817","Single Cell from Xenograft Tumor","Single Cell","CSL +/+","CSL +/+ Xenograft Tumor 2nd"
"335","SRP068970","SRX1549812","Single Cell from Xenograft Tumor","Single Cell","CSL +/+","CSL +/+ Xenograft Tumor 2nd"
"336","SRP068970","SRX1549678","Single Cell from Xenograft Tumor","Single Cell","CSL -/-","CSL KO Xenograft Tumor 2nd"
"337","SRP068970","SRX1549633","Single Cell from Xenograft Tumor","Single Cell","CSL -/-","CSL KO Xenograft Tumor 2nd"
"338","SRP068970","SRX1549571","Single Cell from Xenograft Tumor","Single Cell","CSL -/-","CSL KO Xenograft Tumor 1st"
"339","SRP068970","SRX1549861","Single Cell from Xenograft Tumor","Single Cell","CSL +/+","CSL +/+ Xenograft Tumor 2nd"
"340","SRP068970","SRX1549548","Single Cell from Xenograft Tumor","Single Cell","CSL -/-","CSL KO Xenograft Tumor 1st"
"341","SRP068970","SRX1549724","Single Cell from Xenograft Tumor","Single Cell","CSL +/+","CSL +/+ Xenograft Tumor 1st"
"342","SRP068970","SRX1549614","Single Cell from Xenograft Tumor","Single Cell","CSL -/-","CSL KO Xenograft Tumor 2nd"
"343","SRP068970","SRX1549681","Single Cell from Xenograft Tumor","Single Cell","CSL -/-","CSL KO Xenograft Tumor 2nd"
"344","SRP068970","SRX1549516","Single Cell from Xenograft Tumor","Single Cell","CSL -/-","CSL KO Xenograft Tumor 1st"
"345","SRP068970","SRX1549509","MDA_MB_231 Cells","Cell Population","CSL -/-","n/a"
"346","SRP068970","SRX1549657","Single Cell from Xenograft Tumor","Single Cell","CSL -/-","CSL KO Xenograft Tumor 2nd"
"347","SRP068970","SRX1549631","Single Cell from Xenograft Tumor","Single Cell","CSL -/-","CSL KO Xenograft Tumor 2nd"
"348","SRP068970","SRX1549680","Single Cell from Xenograft Tumor","Single Cell","CSL -/-","CSL KO Xenograft Tumor 2nd"
"349","SRP068970","SRX1549865","Single Cell from Xenograft Tumor","Single Cell","CSL +/+","CSL +/+ Xenograft Tumor 2nd"
"350","SRP068970","SRX1549561","Single Cell from Xenograft Tumor","Single Cell","CSL -/-","CSL KO Xenograft Tumor 1st"
"351","SRP068970","SRX1549577","Single Cell from Xenograft Tumor","Single Cell","CSL -/-","CSL KO Xenograft Tumor 1st"
"352","SRP068970","SRX1549662","Single Cell from Xenograft Tumor","Single Cell","CSL -/-","CSL KO Xenograft Tumor 2nd"
"353","SRP068970","SRX1549512","Single Cell from Xenograft Tumor","Single Cell","CSL -/-","CSL KO Xenograft Tumor 1st"
"354","SRP068970","SRX1549742","Single Cell from Xenograft Tumor","Single Cell","CSL +/+","CSL +/+ Xenograft Tumor 1st"
"355","SRP068970","SRX1549575","Single Cell from Xenograft Tumor","Single Cell","CSL -/-","CSL KO Xenograft Tumor 1st"
"356","SRP068970","SRX1549768","Single Cell from Xenograft Tumor","Single Cell","CSL +/+","CSL +/+ Xenograft Tumor 1st"
"357","SRP068970","SRX1549493","MDA_MB_231 Cells","Cell Population","CSL -/-","n/a"
"358","SRP068970","SRX1549685","Single Cell from Xenograft Tumor","Single Cell","CSL -/-","CSL KO Xenograft Tumor 2nd"
"359","SRP068970","SRX1549669","Single Cell from Xenograft Tumor","Single Cell","CSL -/-","CSL KO Xenograft Tumor 2nd"
"360","SRP068970","SRX1549671","Single Cell from Xenograft Tumor","Single Cell","CSL -/-","CSL KO Xenograft Tumor 2nd"
"361","SRP068970","SRX1549710","Single Cell from Xenograft Tumor","Single Cell","CSL +/+","CSL +/+ Xenograft Tumor 1st"
"362","SRP068970","SRX1549621","Single Cell from Xenograft Tumor","Single Cell","CSL -/-","CSL KO Xenograft Tumor 2nd"
"363","SRP068970","SRX1549601","Single Cell from Xenograft Tumor","Single Cell","CSL -/-","CSL KO Xenograft Tumor 2nd"
"364","SRP068970","SRX1549875","Single Cell from Xenograft Tumor","Single Cell","CSL +/+","CSL +/+ Xenograft Tumor 2nd"
"365","SRP068970","SRX1549592","Single Cell from Xenograft Tumor","Single Cell","CSL -/-","CSL KO Xenograft Tumor 1st"
"366","SRP068970","SRX1549806","Single Cell from Xenograft Tumor","Single Cell","CSL +/+","CSL +/+ Xenograft Tumor 2nd"
"367","SRP068970","SRX1549490","Xenograft Tumor","Xenograft","CSL -/-","Late graft"
"368","SRP068970","SRX1549805","Single Cell from Xenograft Tumor","Single Cell","CSL +/+","CSL +/+ Xenograft Tumor 2nd"
"369","SRP068970","SRX1549799","Single Cell from Xenograft Tumor","Single Cell","CSL +/+","CSL +/+ Xenograft Tumor 2nd"
"370","SRP068970","SRX1549666","Single Cell from Xenograft Tumor","Single Cell","CSL -/-","CSL KO Xenograft Tumor 2nd"
"371","SRP068970","SRX1549628","Single Cell from Xenograft Tumor","Single Cell","CSL -/-","CSL KO Xenograft Tumor 2nd"
"372","SRP068970","SRX1549819","Single Cell from Xenograft Tumor","Single Cell","CSL +/+","CSL +/+ Xenograft Tumor 2nd"
"373","SRP068970","SRX1549560","Single Cell from Xenograft Tumor","Single Cell","CSL -/-","CSL KO Xenograft Tumor 1st"
"374","SRP068970","SRX1549672","Single Cell from Xenograft Tumor","Single Cell","CSL -/-","CSL KO Xenograft Tumor 2nd"
"375","SRP068970","SRX1549758","Single Cell from Xenograft Tumor","Single Cell","CSL +/+","CSL +/+ Xenograft Tumor 1st"
"376","SRP068970","SRX1549871","Single Cell from Xenograft Tumor","Single Cell","CSL +/+","CSL +/+ Xenograft Tumor 2nd"
"377","SRP068970","SRX1549641","Single Cell from Xenograft Tumor","Single Cell","CSL -/-","CSL KO Xenograft Tumor 2nd"
"378","SRP068970","SRX1549528","Single Cell from Xenograft Tumor","Single Cell","CSL -/-","CSL KO Xenograft Tumor 1st"
"379","SRP068970","SRX1549844","Single Cell from Xenograft Tumor","Single Cell","CSL +/+","CSL +/+ Xenograft Tumor 2nd"
"380","SRP068970","SRX1549807","Single Cell from Xenograft Tumor","Single Cell","CSL +/+","CSL +/+ Xenograft Tumor 2nd"
"381","SRP068970","SRX1549713","Single Cell from Xenograft Tumor","Single Cell","CSL +/+","CSL +/+ Xenograft Tumor 1st"
"382","SRP068970","SRX1549649","Single Cell from Xenograft Tumor","Single Cell","CSL -/-","CSL KO Xenograft Tumor 2nd"
"383","SRP068970","SRX1549845","Single Cell from Xenograft Tumor","Single Cell","CSL +/+","CSL +/+ Xenograft Tumor 2nd"
"384","SRP068970","SRX1549719","Single Cell from Xenograft Tumor","Single Cell","CSL +/+","CSL +/+ Xenograft Tumor 1st"
"385","SRP068970","SRX1549820","Single Cell from Xenograft Tumor","Single Cell","CSL +/+","CSL +/+ Xenograft Tumor 2nd"
"386","SRP068970","SRX1549759","Single Cell from Xenograft Tumor","Single Cell","CSL +/+","CSL +/+ Xenograft Tumor 1st"
"387","SRP068970","SRX1549651","Single Cell from Xenograft Tumor","Single Cell","CSL -/-","CSL KO Xenograft Tumor 2nd"
"388","SRP068970","SRX1549808","Single Cell from Xenograft Tumor","Single Cell","CSL +/+","CSL +/+ Xenograft Tumor 2nd"
"389","SRP068970","SRX1549748","Single Cell from Xenograft Tumor","Single Cell","CSL +/+","CSL +/+ Xenograft Tumor 1st"
"390","SRP068970","SRX1549766","Single Cell from Xenograft Tumor","Single Cell","CSL +/+","CSL +/+ Xenograft Tumor 1st"
"391","SRP068970","SRX1549814","Single Cell from Xenograft Tumor","Single Cell","CSL +/+","CSL +/+ Xenograft Tumor 2nd"
"392","SRP068970","SRX1549869","Single Cell from Xenograft Tumor","Single Cell","CSL +/+","CSL +/+ Xenograft Tumor 2nd"
"393","SRP068970","SRX1549714","Single Cell from Xenograft Tumor","Single Cell","CSL +/+","CSL +/+ Xenograft Tumor 1st"
"394","SRP068970","SRX1549757","Single Cell from Xenograft Tumor","Single Cell","CSL +/+","CSL +/+ Xenograft Tumor 1st"
"395","SRP068970","SRX1549533","Single Cell from Xenograft Tumor","Single Cell","CSL -/-","CSL KO Xenograft Tumor 1st"
"396","SRP068970","SRX1549538","Single Cell from Xenograft Tumor","Single Cell","CSL -/-","CSL KO Xenograft Tumor 1st"
"397","SRP068970","SRX1549856","Single Cell from Xenograft Tumor","Single Cell","CSL +/+","CSL +/+ Xenograft Tumor 2nd"
"398","SRP068970","SRX1549779","Single Cell from Xenograft Tumor","Single Cell","CSL +/+","CSL +/+ Xenograft Tumor 1st"
"399","SRP068970","SRX1549661","Single Cell from Xenograft Tumor","Single Cell","CSL -/-","CSL KO Xenograft Tumor 2nd"
"400","SRP068970","SRX1549767","Single Cell from Xenograft Tumor","Single Cell","CSL +/+","CSL +/+ Xenograft Tumor 1st"
"401","SRP068970","SRX1549598","Single Cell from Xenograft Tumor","Single Cell","CSL -/-","CSL KO Xenograft Tumor 1st"
"402","SRP068970","SRX1549558","Single Cell from Xenograft Tumor","Single Cell","CSL -/-","CSL KO Xenograft Tumor 1st"
"403","SRP068970","SRX1549498","MDA_MB_231 Cells","Cell Population","CSL +/+","n/a"
"404","SRP068970","SRX1549700","Single Cell from Xenograft Tumor","Single Cell","CSL +/+","CSL +/+ Xenograft Tumor 1st"
