"","study.accession","experiment.accession","source_name","cell.type","cell.source"
"1","SRP063840","SRX1253740","PDX, primary RCC_36","primary renal cell carcinoma","patient-derived xenograft"
"2","SRP063840","SRX1253680","PDX, metastatic RCC_13","metastatic renal cell carcinoma","patient-derived xenograft"
"3","SRP063840","SRX1253706","PDX, primary RCC_2","primary renal cell carcinoma","patient-derived xenograft"
"4","SRP063840","SRX1253725","PDX, primary RCC_21","primary renal cell carcinoma","patient-derived xenograft"
"5","SRP063840","SRX1253753","patient, metastatic RCC_1","metastatic renal cell carcinoma","patient"
"6","SRP063840","SRX1253754","patient, metastatic RCC_2","metastatic renal cell carcinoma","patient"
"7","SRP063840","SRX1253735","PDX, primary RCC_31","primary renal cell carcinoma","patient-derived xenograft"
"8","SRP063840","SRX1253766","patient, metastatic RCC_14","metastatic renal cell carcinoma","patient"
"9","SRP063840","SRX1253709","PDX, primary RCC_5","primary renal cell carcinoma","patient-derived xenograft"
"10","SRP063840","SRX1253758","patient, metastatic RCC_6","metastatic renal cell carcinoma","patient"
"11","SRP063840","SRX1253768","patient, metastatic RCC_16","metastatic renal cell carcinoma","patient"
"12","SRP063840","SRX1253757","patient, metastatic RCC_5","metastatic renal cell carcinoma","patient"
"13","SRP063840","SRX1253688","PDX, metastatic RCC_21","metastatic renal cell carcinoma","patient-derived xenograft"
"14","SRP063840","SRX1253785","patient, metastatic RCC_33","metastatic renal cell carcinoma","patient"
"15","SRP063840","SRX1253676","PDX, metastatic RCC_9","metastatic renal cell carcinoma","patient-derived xenograft"
"16","SRP063840","SRX1253760","patient, metastatic RCC_8","metastatic renal cell carcinoma","patient"
"17","SRP063840","SRX1253674","PDX, metastatic RCC_7","metastatic renal cell carcinoma","patient-derived xenograft"
"18","SRP063840","SRX1253707","PDX, primary RCC_3","primary renal cell carcinoma","patient-derived xenograft"
"19","SRP063840","SRX1253776","patient, metastatic RCC_24","metastatic renal cell carcinoma","patient"
"20","SRP063840","SRX1253783","patient, metastatic RCC_31","metastatic renal cell carcinoma","patient"
"21","SRP063840","SRX1253763","patient, metastatic RCC_11","metastatic renal cell carcinoma","patient"
"22","SRP063840","SRX1253752","PDX, primary RCC_48","primary renal cell carcinoma","patient-derived xenograft"
"23","SRP063840","SRX1253745","PDX, primary RCC_41","primary renal cell carcinoma","patient-derived xenograft"
"24","SRP063840","SRX1253786","patient, metastatic RCC_34","metastatic renal cell carcinoma","patient"
"25","SRP063840","SRX1253779","patient, metastatic RCC_27","metastatic renal cell carcinoma","patient"
"26","SRP063840","SRX1253675","PDX, metastatic RCC_8","metastatic renal cell carcinoma","patient-derived xenograft"
"27","SRP063840","SRX1253771","patient, metastatic RCC_19","metastatic renal cell carcinoma","patient"
"28","SRP063840","SRX1253767","patient, metastatic RCC_15","metastatic renal cell carcinoma","patient"
"29","SRP063840","SRX1253694","PDX, metastatic RCC_27","metastatic renal cell carcinoma","patient-derived xenograft"
"30","SRP063840","SRX1253686","PDX, metastatic RCC_19","metastatic renal cell carcinoma","patient-derived xenograft"
"31","SRP063840","SRX1253751","PDX, primary RCC_47","primary renal cell carcinoma","patient-derived xenograft"
"32","SRP063840","SRX1253711","PDX, primary RCC_7","primary renal cell carcinoma","patient-derived xenograft"
"33","SRP063840","SRX1253682","PDX, metastatic RCC_15","metastatic renal cell carcinoma","patient-derived xenograft"
"34","SRP063840","SRX1253788","patient, metastatic RCC_36","metastatic renal cell carcinoma","patient"
"35","SRP063840","SRX1253778","patient, metastatic RCC_26","metastatic renal cell carcinoma","patient"
"36","SRP063840","SRX1253671","PDX, metastatic RCC_4","metastatic renal cell carcinoma","patient-derived xenograft"
"37","SRP063840","SRX1253734","PDX, primary RCC_30","primary renal cell carcinoma","patient-derived xenograft"
"38","SRP063840","SRX1253701","PDX, metastatic RCC_34","metastatic renal cell carcinoma","patient-derived xenograft"
"39","SRP063840","SRX1253691","PDX, metastatic RCC_24","metastatic renal cell carcinoma","patient-derived xenograft"
"40","SRP063840","SRX1253684","PDX, metastatic RCC_17","metastatic renal cell carcinoma","patient-derived xenograft"
"41","SRP063840","SRX1253692","PDX, metastatic RCC_25","metastatic renal cell carcinoma","patient-derived xenograft"
"42","SRP063840","SRX1253685","PDX, metastatic RCC_18","metastatic renal cell carcinoma","patient-derived xenograft"
"43","SRP063840","SRX1253670","PDX, metastatic RCC_3","metastatic renal cell carcinoma","patient-derived xenograft"
"44","SRP063840","SRX1253765","patient, metastatic RCC_13","metastatic renal cell carcinoma","patient"
"45","SRP063840","SRX1253736","PDX, primary RCC_32","primary renal cell carcinoma","patient-derived xenograft"
"46","SRP063840","SRX1253774","patient, metastatic RCC_22","metastatic renal cell carcinoma","patient"
"47","SRP063840","SRX1253721","PDX, primary RCC_17","primary renal cell carcinoma","patient-derived xenograft"
"48","SRP063840","SRX1253683","PDX, metastatic RCC_16","metastatic renal cell carcinoma","patient-derived xenograft"
"49","SRP063840","SRX1253726","PDX, primary RCC_22","primary renal cell carcinoma","patient-derived xenograft"
"50","SRP063840","SRX1253712","PDX, primary RCC_8","primary renal cell carcinoma","patient-derived xenograft"
"51","SRP063840","SRX1253780","patient, metastatic RCC_28","metastatic renal cell carcinoma","patient"
"52","SRP063840","SRX1253710","PDX, primary RCC_6","primary renal cell carcinoma","patient-derived xenograft"
"53","SRP063840","SRX1253729","PDX, primary RCC_25","primary renal cell carcinoma","patient-derived xenograft"
"54","SRP063840","SRX1253703","PDX, metastatic RCC_36","metastatic renal cell carcinoma","patient-derived xenograft"
"55","SRP063840","SRX1253687","PDX, metastatic RCC_20","metastatic renal cell carcinoma","patient-derived xenograft"
"56","SRP063840","SRX1253700","PDX, metastatic RCC_33","metastatic renal cell carcinoma","patient-derived xenograft"
"57","SRP063840","SRX1253717","PDX, primary RCC_13","primary renal cell carcinoma","patient-derived xenograft"
"58","SRP063840","SRX1253782","patient, metastatic RCC_30","metastatic renal cell carcinoma","patient"
"59","SRP063840","SRX1253755","patient, metastatic RCC_3","metastatic renal cell carcinoma","patient"
"60","SRP063840","SRX1253784","patient, metastatic RCC_32","metastatic renal cell carcinoma","patient"
"61","SRP063840","SRX1253750","PDX, primary RCC_46","primary renal cell carcinoma","patient-derived xenograft"
"62","SRP063840","SRX1253764","patient, metastatic RCC_12","metastatic renal cell carcinoma","patient"
"63","SRP063840","SRX1253693","PDX, metastatic RCC_26","metastatic renal cell carcinoma","patient-derived xenograft"
"64","SRP063840","SRX1253744","PDX, primary RCC_40","primary renal cell carcinoma","patient-derived xenograft"
"65","SRP063840","SRX1253677","PDX, metastatic RCC_10","metastatic renal cell carcinoma","patient-derived xenograft"
"66","SRP063840","SRX1253727","PDX, primary RCC_23","primary renal cell carcinoma","patient-derived xenograft"
"67","SRP063840","SRX1253731","PDX, primary RCC_27","primary renal cell carcinoma","patient-derived xenograft"
"68","SRP063840","SRX1253713","PDX, primary RCC_9","primary renal cell carcinoma","patient-derived xenograft"
"69","SRP063840","SRX1253770","patient, metastatic RCC_18","metastatic renal cell carcinoma","patient"
"70","SRP063840","SRX1253705","PDX, primary RCC_1","primary renal cell carcinoma","patient-derived xenograft"
"71","SRP063840","SRX1253714","PDX, primary RCC_10","primary renal cell carcinoma","patient-derived xenograft"
"72","SRP063840","SRX1253749","PDX, primary RCC_45","primary renal cell carcinoma","patient-derived xenograft"
"73","SRP063840","SRX1253769","patient, metastatic RCC_17","metastatic renal cell carcinoma","patient"
"74","SRP063840","SRX1253672","PDX, metastatic RCC_5","metastatic renal cell carcinoma","patient-derived xenograft"
"75","SRP063840","SRX1253747","PDX, primary RCC_43","primary renal cell carcinoma","patient-derived xenograft"
"76","SRP063840","SRX1253730","PDX, primary RCC_26","primary renal cell carcinoma","patient-derived xenograft"
"77","SRP063840","SRX1253728","PDX, primary RCC_24","primary renal cell carcinoma","patient-derived xenograft"
"78","SRP063840","SRX1253673","PDX, metastatic RCC_6","metastatic renal cell carcinoma","patient-derived xenograft"
"79","SRP063840","SRX1253741","PDX, primary RCC_37","primary renal cell carcinoma","patient-derived xenograft"
"80","SRP063840","SRX1253781","patient, metastatic RCC_29","metastatic renal cell carcinoma","patient"
"81","SRP063840","SRX1253775","patient, metastatic RCC_23","metastatic renal cell carcinoma","patient"
"82","SRP063840","SRX1253739","PDX, primary RCC_35","primary renal cell carcinoma","patient-derived xenograft"
"83","SRP063840","SRX1253716","PDX, primary RCC_12","primary renal cell carcinoma","patient-derived xenograft"
"84","SRP063840","SRX1253772","patient, metastatic RCC_20","metastatic renal cell carcinoma","patient"
"85","SRP063840","SRX1253690","PDX, metastatic RCC_23","metastatic renal cell carcinoma","patient-derived xenograft"
"86","SRP063840","SRX1253681","PDX, metastatic RCC_14","metastatic renal cell carcinoma","patient-derived xenograft"
"87","SRP063840","SRX1253787","patient, metastatic RCC_35","metastatic renal cell carcinoma","patient"
"88","SRP063840","SRX1253742","PDX, primary RCC_38","primary renal cell carcinoma","patient-derived xenograft"
"89","SRP063840","SRX1253762","patient, metastatic RCC_10","metastatic renal cell carcinoma","patient"
"90","SRP063840","SRX1253697","PDX, metastatic RCC_30","metastatic renal cell carcinoma","patient-derived xenograft"
"91","SRP063840","SRX1253723","PDX, primary RCC_19","primary renal cell carcinoma","patient-derived xenograft"
"92","SRP063840","SRX1253746","PDX, primary RCC_42","primary renal cell carcinoma","patient-derived xenograft"
"93","SRP063840","SRX1253773","patient, metastatic RCC_21","metastatic renal cell carcinoma","patient"
"94","SRP063840","SRX1253732","PDX, primary RCC_28","primary renal cell carcinoma","patient-derived xenograft"
"95","SRP063840","SRX1253678","PDX, metastatic RCC_11","metastatic renal cell carcinoma","patient-derived xenograft"
"96","SRP063840","SRX1253718","PDX, primary RCC_14","primary renal cell carcinoma","patient-derived xenograft"
"97","SRP063840","SRX1253668","PDX, metastatic RCC_1","metastatic renal cell carcinoma","patient-derived xenograft"
"98","SRP063840","SRX1253720","PDX, primary RCC_16","primary renal cell carcinoma","patient-derived xenograft"
"99","SRP063840","SRX1253777","patient, metastatic RCC_25","metastatic renal cell carcinoma","patient"
"100","SRP063840","SRX1253696","PDX, metastatic RCC_29","metastatic renal cell carcinoma","patient-derived xenograft"
"101","SRP063840","SRX1253737","PDX, primary RCC_33","primary renal cell carcinoma","patient-derived xenograft"
"102","SRP063840","SRX1253689","PDX, metastatic RCC_22","metastatic renal cell carcinoma","patient-derived xenograft"
"103","SRP063840","SRX1253722","PDX, primary RCC_18","primary renal cell carcinoma","patient-derived xenograft"
"104","SRP063840","SRX1253715","PDX, primary RCC_11","primary renal cell carcinoma","patient-derived xenograft"
"105","SRP063840","SRX1253738","PDX, primary RCC_34","primary renal cell carcinoma","patient-derived xenograft"
"106","SRP063840","SRX1253759","patient, metastatic RCC_7","metastatic renal cell carcinoma","patient"
"107","SRP063840","SRX1253733","PDX, primary RCC_29","primary renal cell carcinoma","patient-derived xenograft"
"108","SRP063840","SRX1253679","PDX, metastatic RCC_12","metastatic renal cell carcinoma","patient-derived xenograft"
"109","SRP063840","SRX1253761","patient, metastatic RCC_9","metastatic renal cell carcinoma","patient"
"110","SRP063840","SRX1253756","patient, metastatic RCC_4","metastatic renal cell carcinoma","patient"
"111","SRP063840","SRX1253708","PDX, primary RCC_4","primary renal cell carcinoma","patient-derived xenograft"
"112","SRP063840","SRX1253719","PDX, primary RCC_15","primary renal cell carcinoma","patient-derived xenograft"
"113","SRP063840","SRX1253698","PDX, metastatic RCC_31","metastatic renal cell carcinoma","patient-derived xenograft"
"114","SRP063840","SRX1253699","PDX, metastatic RCC_32","metastatic renal cell carcinoma","patient-derived xenograft"
"115","SRP063840","SRX1253748","PDX, primary RCC_44","primary renal cell carcinoma","patient-derived xenograft"
"116","SRP063840","SRX1253743","PDX, primary RCC_39","primary renal cell carcinoma","patient-derived xenograft"
"117","SRP063840","SRX1253704","PDX, metastatic RCC_37","metastatic renal cell carcinoma","patient-derived xenograft"
"118","SRP063840","SRX1253695","PDX, metastatic RCC_28","metastatic renal cell carcinoma","patient-derived xenograft"
"119","SRP063840","SRX1253724","PDX, primary RCC_20","primary renal cell carcinoma","patient-derived xenograft"
"120","SRP063840","SRX1253669","PDX, metastatic RCC_2","metastatic renal cell carcinoma","patient-derived xenograft"
"121","SRP063840","SRX1253702","PDX, metastatic RCC_35","metastatic renal cell carcinoma","patient-derived xenograft"
