"","study.accession","experiment.accession","source_name","tissue","cell.type","cell.activation","cell.category","barcode"
"1","SRP092158","SRX2271080","Regulatory T cells","NBP","Regulatory T cells","CD45RO+","activated","CACCGG"
"2","SRP092158","SRX2271064","Conventional CD4 T cells","breast tumor","Conventional CD4 T cells","CD45RO+","activated","TGACCA"
"3","SRP092158","SRX2271035","Regulatory T cells","breast tumor","Regulatory T cells","CD45RO+","activated","AGTTCC"
"4","SRP092158","SRX2271034","Regulatory T cells","breast tumor","Regulatory T cells","CD45RO+","activated","GTTTCG"
"5","SRP092158","SRX2271052","Conventional CD4 T cells","NBP","Conventional CD4 T cells","CD45RO+","activated","CACGAT"
"6","SRP092158","SRX2271064","Conventional CD4 T cells","breast tumor","Conventional CD4 T cells","CD45RO+","activated","TGACCA"
"7","SRP092158","SRX2271041","Regulatory T cells","breast tumor","Regulatory T cells","CD45RO+","activated","TTAGGC"
"8","SRP092158","SRX2271078","Regulatory T cells","NBP","Regulatory T cells","CD45RO+","activated","CTTGTA"
"9","SRP092158","SRX2271064","Conventional CD4 T cells","breast tumor","Conventional CD4 T cells","CD45RO+","activated","TGACCA"
"10","SRP092158","SRX2271040","Regulatory T cells","breast tumor","Regulatory T cells","CD45RO+","activated","AGTCAA"
"11","SRP092158","SRX2271055","Conventional CD4 T cells","breast tumor","Conventional CD4 T cells","CD45RO+","activated","CGTACG"
"12","SRP092158","SRX2271038","Regulatory T cells","breast tumor","Regulatory T cells","CD45RO+","activated","GGTAGC"
"13","SRP092158","SRX2271058","Conventional CD4 T cells","breast tumor","Conventional CD4 T cells","CD45RO+","activated",NA
"14","SRP092158","SRX2271064","Conventional CD4 T cells","breast tumor","Conventional CD4 T cells","CD45RO+","activated","TGACCA"
"15","SRP092158","SRX2271078","Regulatory T cells","NBP","Regulatory T cells","CD45RO+","activated","CTTGTA"
"16","SRP092158","SRX2271061","Conventional CD4 T cells","breast tumor","Conventional CD4 T cells","CD45RO+","activated","ATGTCA"
"17","SRP092158","SRX2271062","Conventional CD4 T cells","breast tumor","Conventional CD4 T cells","CD45RO+","activated","GATCAG"
"18","SRP092158","SRX2271039","Regulatory T cells","breast tumor","Regulatory T cells","CD45RO+","activated","GTGGCC"
"19","SRP092158","SRX2271078","Regulatory T cells","NBP","Regulatory T cells","CD45RO+","activated","CTTGTA"
"20","SRP092158","SRX2271051","Conventional CD4 T cells","NBP","Conventional CD4 T cells","CD45RO+","activated","ATTCCT"
"21","SRP092158","SRX2271079","Regulatory T cells","NBP","Regulatory T cells","CD45RO+","activated","ATGAGC"
"22","SRP092158","SRX2271067","Conventional CD4 T cells","breast tumor","Conventional CD4 T cells","CD45RO+","activated","CACTCA"
"23","SRP092158","SRX2271074","Regulatory T cells","PBMC","Regulatory T cells","CD45RA+","na<U+00EF>ve",NA
"24","SRP092158","SRX2271087","Regulatory T cells","breast tumor","Regulatory T cells","CD45RO+","activated","CAAAAG"
"25","SRP092158","SRX2271071","Regulatory T cells","PBMC","Regulatory T cells","CD45RO+","activated",NA
"26","SRP092158","SRX2271062","Conventional CD4 T cells","breast tumor","Conventional CD4 T cells","CD45RO+","activated","GATCAG"
"27","SRP092158","SRX2271064","Conventional CD4 T cells","breast tumor","Conventional CD4 T cells","CD45RO+","activated","TGACCA"
"28","SRP092158","SRX2271081","Regulatory T cells","NBP","Regulatory T cells","CD45RO+","activated","CAGGCG"
"29","SRP092158","SRX2271063","Conventional CD4 T cells","breast tumor","Conventional CD4 T cells","CD45RO+","activated","CAGATC"
"30","SRP092158","SRX2271066","Conventional CD4 T cells","breast tumor","Conventional CD4 T cells","CD45RO+","activated","CAACTA"
"31","SRP092158","SRX2271063","Conventional CD4 T cells","breast tumor","Conventional CD4 T cells","CD45RO+","activated","CAGATC"
"32","SRP092158","SRX2271065","Conventional CD4 T cells","breast tumor","Conventional CD4 T cells","CD45RO+","activated","ACTGAT"
"33","SRP092158","SRX2271063","Conventional CD4 T cells","breast tumor","Conventional CD4 T cells","CD45RO+","activated","CAGATC"
"34","SRP092158","SRX2271043","Regulatory T cells","breast tumor","Regulatory T cells","CD45RO+","activated","GAGTGG"
"35","SRP092158","SRX2271066","Conventional CD4 T cells","breast tumor","Conventional CD4 T cells","CD45RO+","activated","CAACTA"
"36","SRP092158","SRX2271078","Regulatory T cells","NBP","Regulatory T cells","CD45RO+","activated","CTTGTA"
"37","SRP092158","SRX2271039","Regulatory T cells","breast tumor","Regulatory T cells","CD45RO+","activated","GTGGCC"
"38","SRP092158","SRX2271050","Conventional CD4 T cells","NBP","Conventional CD4 T cells","CD45RO+","activated","ATCACG"
"39","SRP092158","SRX2271039","Regulatory T cells","breast tumor","Regulatory T cells","CD45RO+","activated","GTGGCC"
"40","SRP092158","SRX2271087","Regulatory T cells","breast tumor","Regulatory T cells","CD45RO+","activated","CAAAAG"
"41","SRP092158","SRX2271082","Regulatory T cells","breast tumor","Regulatory T cells","CD45RO+","activated","GTCCGC"
"42","SRP092158","SRX2271034","Regulatory T cells","breast tumor","Regulatory T cells","CD45RO+","activated","GTTTCG"
"43","SRP092158","SRX2271036","Regulatory T cells","breast tumor","Regulatory T cells","CD45RO+","activated","ACTTGA"
"44","SRP092158","SRX2271034","Regulatory T cells","breast tumor","Regulatory T cells","CD45RO+","activated","GTTTCG"
"45","SRP092158","SRX2271041","Regulatory T cells","breast tumor","Regulatory T cells","CD45RO+","activated","TTAGGC"
"46","SRP092158","SRX2271079","Regulatory T cells","NBP","Regulatory T cells","CD45RO+","activated","ATGAGC"
"47","SRP092158","SRX2271048","Conventional CD4 T cells","NBP","Conventional CD4 T cells","CD45RO+","activated","GTAGAG"
"48","SRP092158","SRX2271055","Conventional CD4 T cells","breast tumor","Conventional CD4 T cells","CD45RO+","activated","CGTACG"
"49","SRP092158","SRX2271061","Conventional CD4 T cells","breast tumor","Conventional CD4 T cells","CD45RO+","activated","ATGTCA"
"50","SRP092158","SRX2271070","Regulatory T cells","PBMC","Regulatory T cells","CD45RA+","na<U+00EF>ve",NA
"51","SRP092158","SRX2271082","Regulatory T cells","breast tumor","Regulatory T cells","CD45RO+","activated","GTCCGC"
"52","SRP092158","SRX2271086","Regulatory T cells","breast tumor","Regulatory T cells","CD45RO+","activated","CGATGT"
"53","SRP092158","SRX2271086","Regulatory T cells","breast tumor","Regulatory T cells","CD45RO+","activated","CGATGT"
"54","SRP092158","SRX2271051","Conventional CD4 T cells","NBP","Conventional CD4 T cells","CD45RO+","activated","ATTCCT"
"55","SRP092158","SRX2271061","Conventional CD4 T cells","breast tumor","Conventional CD4 T cells","CD45RO+","activated","ATGTCA"
"56","SRP092158","SRX2271050","Conventional CD4 T cells","NBP","Conventional CD4 T cells","CD45RO+","activated","ATCACG"
"57","SRP092158","SRX2271043","Regulatory T cells","breast tumor","Regulatory T cells","CD45RO+","activated","GAGTGG"
"58","SRP092158","SRX2271086","Regulatory T cells","breast tumor","Regulatory T cells","CD45RO+","activated","CGATGT"
"59","SRP092158","SRX2271054","Conventional CD4 T cells","breast tumor","Conventional CD4 T cells","CD45RO+","activated","GTGAAA"
"60","SRP092158","SRX2271042","Regulatory T cells","breast tumor","Regulatory T cells","CD45RO+","activated","ACAGTG"
"61","SRP092158","SRX2271073","Regulatory T cells","PBMC","Regulatory T cells","CD45RO+","activated",NA
"62","SRP092158","SRX2271036","Regulatory T cells","breast tumor","Regulatory T cells","CD45RO+","activated","ACTTGA"
"63","SRP092158","SRX2271067","Conventional CD4 T cells","breast tumor","Conventional CD4 T cells","CD45RO+","activated","CACTCA"
"64","SRP092158","SRX2271057","Conventional CD4 T cells","breast tumor","Conventional CD4 T cells","CD45RO+","activated",NA
"65","SRP092158","SRX2271052","Conventional CD4 T cells","NBP","Conventional CD4 T cells","CD45RO+","activated","CACGAT"
"66","SRP092158","SRX2271042","Regulatory T cells","breast tumor","Regulatory T cells","CD45RO+","activated","ACAGTG"
"67","SRP092158","SRX2271042","Regulatory T cells","breast tumor","Regulatory T cells","CD45RO+","activated","ACAGTG"
"68","SRP092158","SRX2271062","Conventional CD4 T cells","breast tumor","Conventional CD4 T cells","CD45RO+","activated","GATCAG"
"69","SRP092158","SRX2271065","Conventional CD4 T cells","breast tumor","Conventional CD4 T cells","CD45RO+","activated","ACTGAT"
"70","SRP092158","SRX2271039","Regulatory T cells","breast tumor","Regulatory T cells","CD45RO+","activated","GTGGCC"
"71","SRP092158","SRX2271054","Conventional CD4 T cells","breast tumor","Conventional CD4 T cells","CD45RO+","activated","GTGAAA"
"72","SRP092158","SRX2271060","Conventional CD4 T cells","breast tumor","Conventional CD4 T cells","CD45RO+","activated",NA
"73","SRP092158","SRX2271063","Conventional CD4 T cells","breast tumor","Conventional CD4 T cells","CD45RO+","activated","CAGATC"
"74","SRP092158","SRX2271043","Regulatory T cells","breast tumor","Regulatory T cells","CD45RO+","activated","GAGTGG"
"75","SRP092158","SRX2271061","Conventional CD4 T cells","breast tumor","Conventional CD4 T cells","CD45RO+","activated","ATGTCA"
"76","SRP092158","SRX2271081","Regulatory T cells","NBP","Regulatory T cells","CD45RO+","activated","CAGGCG"
"77","SRP092158","SRX2271065","Conventional CD4 T cells","breast tumor","Conventional CD4 T cells","CD45RO+","activated","ACTGAT"
"78","SRP092158","SRX2271049","Conventional CD4 T cells","NBP","Conventional CD4 T cells","CD45RO+","activated","GGCTAC"
"79","SRP092158","SRX2271048","Conventional CD4 T cells","NBP","Conventional CD4 T cells","CD45RO+","activated","GTAGAG"
"80","SRP092158","SRX2271080","Regulatory T cells","NBP","Regulatory T cells","CD45RO+","activated","CACCGG"
"81","SRP092158","SRX2271066","Conventional CD4 T cells","breast tumor","Conventional CD4 T cells","CD45RO+","activated","CAACTA"
"82","SRP092158","SRX2271053","Conventional CD4 T cells","NBP","Conventional CD4 T cells","CD45RO+","activated","CATGGC"
"83","SRP092158","SRX2271053","Conventional CD4 T cells","NBP","Conventional CD4 T cells","CD45RO+","activated","CATGGC"
"84","SRP092158","SRX2271043","Regulatory T cells","breast tumor","Regulatory T cells","CD45RO+","activated","GAGTGG"
"85","SRP092158","SRX2271059","Conventional CD4 T cells","breast tumor","Conventional CD4 T cells","CD45RO+","activated",NA
"86","SRP092158","SRX2271082","Regulatory T cells","breast tumor","Regulatory T cells","CD45RO+","activated","GTCCGC"
"87","SRP092158","SRX2271065","Conventional CD4 T cells","breast tumor","Conventional CD4 T cells","CD45RO+","activated","ACTGAT"
"88","SRP092158","SRX2271036","Regulatory T cells","breast tumor","Regulatory T cells","CD45RO+","activated","ACTTGA"
"89","SRP092158","SRX2271085","Regulatory T cells","breast tumor","Regulatory T cells","CD45RO+","activated",NA
"90","SRP092158","SRX2271066","Conventional CD4 T cells","breast tumor","Conventional CD4 T cells","CD45RO+","activated","CAACTA"
"91","SRP092158","SRX2271079","Regulatory T cells","NBP","Regulatory T cells","CD45RO+","activated","ATGAGC"
"92","SRP092158","SRX2271041","Regulatory T cells","breast tumor","Regulatory T cells","CD45RO+","activated","TTAGGC"
"93","SRP092158","SRX2271061","Conventional CD4 T cells","breast tumor","Conventional CD4 T cells","CD45RO+","activated","ATGTCA"
"94","SRP092158","SRX2271063","Conventional CD4 T cells","breast tumor","Conventional CD4 T cells","CD45RO+","activated","CAGATC"
"95","SRP092158","SRX2271042","Regulatory T cells","breast tumor","Regulatory T cells","CD45RO+","activated","ACAGTG"
"96","SRP092158","SRX2271074","Regulatory T cells","PBMC","Regulatory T cells","CD45RA+","na<U+00EF>ve",NA
"97","SRP092158","SRX2271040","Regulatory T cells","breast tumor","Regulatory T cells","CD45RO+","activated","AGTCAA"
"98","SRP092158","SRX2271038","Regulatory T cells","breast tumor","Regulatory T cells","CD45RO+","activated","GGTAGC"
"99","SRP092158","SRX2271076","Regulatory T cells","NBP","Regulatory T cells","CD45RO+","activated","CCGTCC"
"100","SRP092158","SRX2271075","Regulatory T cells","PBMC","Regulatory T cells","CD45RO+","activated",NA
"101","SRP092158","SRX2271064","Conventional CD4 T cells","breast tumor","Conventional CD4 T cells","CD45RO+","activated","TGACCA"
"102","SRP092158","SRX2271079","Regulatory T cells","NBP","Regulatory T cells","CD45RO+","activated","ATGAGC"
"103","SRP092158","SRX2271060","Conventional CD4 T cells","breast tumor","Conventional CD4 T cells","CD45RO+","activated",NA
"104","SRP092158","SRX2271035","Regulatory T cells","breast tumor","Regulatory T cells","CD45RO+","activated","AGTTCC"
"105","SRP092158","SRX2271062","Conventional CD4 T cells","breast tumor","Conventional CD4 T cells","CD45RO+","activated","GATCAG"
"106","SRP092158","SRX2271065","Conventional CD4 T cells","breast tumor","Conventional CD4 T cells","CD45RO+","activated","ACTGAT"
"107","SRP092158","SRX2271051","Conventional CD4 T cells","NBP","Conventional CD4 T cells","CD45RO+","activated","ATTCCT"
"108","SRP092158","SRX2271052","Conventional CD4 T cells","NBP","Conventional CD4 T cells","CD45RO+","activated","CACGAT"
"109","SRP092158","SRX2271066","Conventional CD4 T cells","breast tumor","Conventional CD4 T cells","CD45RO+","activated","CAACTA"
"110","SRP092158","SRX2271063","Conventional CD4 T cells","breast tumor","Conventional CD4 T cells","CD45RO+","activated","CAGATC"
"111","SRP092158","SRX2271054","Conventional CD4 T cells","breast tumor","Conventional CD4 T cells","CD45RO+","activated","GTGAAA"
"112","SRP092158","SRX2271055","Conventional CD4 T cells","breast tumor","Conventional CD4 T cells","CD45RO+","activated","CGTACG"
"113","SRP092158","SRX2271062","Conventional CD4 T cells","breast tumor","Conventional CD4 T cells","CD45RO+","activated","GATCAG"
"114","SRP092158","SRX2271066","Conventional CD4 T cells","breast tumor","Conventional CD4 T cells","CD45RO+","activated","CAACTA"
"115","SRP092158","SRX2271063","Conventional CD4 T cells","breast tumor","Conventional CD4 T cells","CD45RO+","activated","CAGATC"
"116","SRP092158","SRX2271081","Regulatory T cells","NBP","Regulatory T cells","CD45RO+","activated","CAGGCG"
"117","SRP092158","SRX2271061","Conventional CD4 T cells","breast tumor","Conventional CD4 T cells","CD45RO+","activated","ATGTCA"
"118","SRP092158","SRX2271036","Regulatory T cells","breast tumor","Regulatory T cells","CD45RO+","activated","ACTTGA"
"119","SRP092158","SRX2271040","Regulatory T cells","breast tumor","Regulatory T cells","CD45RO+","activated","AGTCAA"
"120","SRP092158","SRX2271063","Conventional CD4 T cells","breast tumor","Conventional CD4 T cells","CD45RO+","activated","CAGATC"
"121","SRP092158","SRX2271079","Regulatory T cells","NBP","Regulatory T cells","CD45RO+","activated","ATGAGC"
"122","SRP092158","SRX2271082","Regulatory T cells","breast tumor","Regulatory T cells","CD45RO+","activated","GTCCGC"
"123","SRP092158","SRX2271079","Regulatory T cells","NBP","Regulatory T cells","CD45RO+","activated","ATGAGC"
"124","SRP092158","SRX2271061","Conventional CD4 T cells","breast tumor","Conventional CD4 T cells","CD45RO+","activated","ATGTCA"
"125","SRP092158","SRX2271034","Regulatory T cells","breast tumor","Regulatory T cells","CD45RO+","activated","GTTTCG"
"126","SRP092158","SRX2271040","Regulatory T cells","breast tumor","Regulatory T cells","CD45RO+","activated","AGTCAA"
"127","SRP092158","SRX2271070","Regulatory T cells","PBMC","Regulatory T cells","CD45RA+","na<U+00EF>ve",NA
"128","SRP092158","SRX2271064","Conventional CD4 T cells","breast tumor","Conventional CD4 T cells","CD45RO+","activated","TGACCA"
"129","SRP092158","SRX2271080","Regulatory T cells","NBP","Regulatory T cells","CD45RO+","activated","CACCGG"
"130","SRP092158","SRX2271087","Regulatory T cells","breast tumor","Regulatory T cells","CD45RO+","activated","CAAAAG"
"131","SRP092158","SRX2271083","Regulatory T cells","breast tumor","Regulatory T cells","CD45RO+","activated",NA
"132","SRP092158","SRX2271076","Regulatory T cells","NBP","Regulatory T cells","CD45RO+","activated","CCGTCC"
"133","SRP092158","SRX2271067","Conventional CD4 T cells","breast tumor","Conventional CD4 T cells","CD45RO+","activated","CACTCA"
"134","SRP092158","SRX2271067","Conventional CD4 T cells","breast tumor","Conventional CD4 T cells","CD45RO+","activated","CACTCA"
"135","SRP092158","SRX2271035","Regulatory T cells","breast tumor","Regulatory T cells","CD45RO+","activated","AGTTCC"
"136","SRP092158","SRX2271037","Regulatory T cells","breast tumor","Regulatory T cells","CD45RO+","activated","GCCAAT"
"137","SRP092158","SRX2271037","Regulatory T cells","breast tumor","Regulatory T cells","CD45RO+","activated","GCCAAT"
"138","SRP092158","SRX2271038","Regulatory T cells","breast tumor","Regulatory T cells","CD45RO+","activated","GGTAGC"
"139","SRP092158","SRX2271053","Conventional CD4 T cells","NBP","Conventional CD4 T cells","CD45RO+","activated","CATGGC"
"140","SRP092158","SRX2271051","Conventional CD4 T cells","NBP","Conventional CD4 T cells","CD45RO+","activated","ATTCCT"
"141","SRP092158","SRX2271080","Regulatory T cells","NBP","Regulatory T cells","CD45RO+","activated","CACCGG"
"142","SRP092158","SRX2271036","Regulatory T cells","breast tumor","Regulatory T cells","CD45RO+","activated","ACTTGA"
"143","SRP092158","SRX2271049","Conventional CD4 T cells","NBP","Conventional CD4 T cells","CD45RO+","activated","GGCTAC"
"144","SRP092158","SRX2271087","Regulatory T cells","breast tumor","Regulatory T cells","CD45RO+","activated","CAAAAG"
"145","SRP092158","SRX2271068","Regulatory T cells","PBMC","Regulatory T cells","CD45RA+","na<U+00EF>ve",NA
"146","SRP092158","SRX2271087","Regulatory T cells","breast tumor","Regulatory T cells","CD45RO+","activated","CAAAAG"
"147","SRP092158","SRX2271065","Conventional CD4 T cells","breast tumor","Conventional CD4 T cells","CD45RO+","activated","ACTGAT"
"148","SRP092158","SRX2271048","Conventional CD4 T cells","NBP","Conventional CD4 T cells","CD45RO+","activated","GTAGAG"
"149","SRP092158","SRX2271038","Regulatory T cells","breast tumor","Regulatory T cells","CD45RO+","activated","GGTAGC"
"150","SRP092158","SRX2271067","Conventional CD4 T cells","breast tumor","Conventional CD4 T cells","CD45RO+","activated","CACTCA"
"151","SRP092158","SRX2271052","Conventional CD4 T cells","NBP","Conventional CD4 T cells","CD45RO+","activated","CACGAT"
"152","SRP092158","SRX2271039","Regulatory T cells","breast tumor","Regulatory T cells","CD45RO+","activated","GTGGCC"
"153","SRP092158","SRX2271036","Regulatory T cells","breast tumor","Regulatory T cells","CD45RO+","activated","ACTTGA"
"154","SRP092158","SRX2271041","Regulatory T cells","breast tumor","Regulatory T cells","CD45RO+","activated","TTAGGC"
"155","SRP092158","SRX2271046","Conventional CD4 T cells","PBMC","Conventional CD4 T cells","CD45RA+","na<U+00EF>ve",NA
"156","SRP092158","SRX2271043","Regulatory T cells","breast tumor","Regulatory T cells","CD45RO+","activated","GAGTGG"
"157","SRP092158","SRX2271077","Regulatory T cells","NBP","Regulatory T cells","CD45RO+","activated","TAGCTT"
"158","SRP092158","SRX2271051","Conventional CD4 T cells","NBP","Conventional CD4 T cells","CD45RO+","activated","ATTCCT"
"159","SRP092158","SRX2271071","Regulatory T cells","PBMC","Regulatory T cells","CD45RO+","activated",NA
"160","SRP092158","SRX2271042","Regulatory T cells","breast tumor","Regulatory T cells","CD45RO+","activated","ACAGTG"
"161","SRP092158","SRX2271053","Conventional CD4 T cells","NBP","Conventional CD4 T cells","CD45RO+","activated","CATGGC"
"162","SRP092158","SRX2271079","Regulatory T cells","NBP","Regulatory T cells","CD45RO+","activated","ATGAGC"
"163","SRP092158","SRX2271049","Conventional CD4 T cells","NBP","Conventional CD4 T cells","CD45RO+","activated","GGCTAC"
"164","SRP092158","SRX2271077","Regulatory T cells","NBP","Regulatory T cells","CD45RO+","activated","TAGCTT"
"165","SRP092158","SRX2271037","Regulatory T cells","breast tumor","Regulatory T cells","CD45RO+","activated","GCCAAT"
"166","SRP092158","SRX2271054","Conventional CD4 T cells","breast tumor","Conventional CD4 T cells","CD45RO+","activated","GTGAAA"
"167","SRP092158","SRX2271080","Regulatory T cells","NBP","Regulatory T cells","CD45RO+","activated","CACCGG"
"168","SRP092158","SRX2271065","Conventional CD4 T cells","breast tumor","Conventional CD4 T cells","CD45RO+","activated","ACTGAT"
"169","SRP092158","SRX2271049","Conventional CD4 T cells","NBP","Conventional CD4 T cells","CD45RO+","activated","GGCTAC"
"170","SRP092158","SRX2271076","Regulatory T cells","NBP","Regulatory T cells","CD45RO+","activated","CCGTCC"
"171","SRP092158","SRX2271055","Conventional CD4 T cells","breast tumor","Conventional CD4 T cells","CD45RO+","activated","CGTACG"
"172","SRP092158","SRX2271037","Regulatory T cells","breast tumor","Regulatory T cells","CD45RO+","activated","GCCAAT"
"173","SRP092158","SRX2271086","Regulatory T cells","breast tumor","Regulatory T cells","CD45RO+","activated","CGATGT"
"174","SRP092158","SRX2271067","Conventional CD4 T cells","breast tumor","Conventional CD4 T cells","CD45RO+","activated","CACTCA"
"175","SRP092158","SRX2271048","Conventional CD4 T cells","NBP","Conventional CD4 T cells","CD45RO+","activated","GTAGAG"
"176","SRP092158","SRX2271048","Conventional CD4 T cells","NBP","Conventional CD4 T cells","CD45RO+","activated","GTAGAG"
"177","SRP092158","SRX2271041","Regulatory T cells","breast tumor","Regulatory T cells","CD45RO+","activated","TTAGGC"
"178","SRP092158","SRX2271059","Conventional CD4 T cells","breast tumor","Conventional CD4 T cells","CD45RO+","activated",NA
"179","SRP092158","SRX2271047","Conventional CD4 T cells","PBMC","Conventional CD4 T cells","CD45RO+","activated",NA
"180","SRP092158","SRX2271050","Conventional CD4 T cells","NBP","Conventional CD4 T cells","CD45RO+","activated","ATCACG"
"181","SRP092158","SRX2271056","Conventional CD4 T cells","breast tumor","Conventional CD4 T cells","CD45RO+","activated",NA
"182","SRP092158","SRX2271064","Conventional CD4 T cells","breast tumor","Conventional CD4 T cells","CD45RO+","activated","TGACCA"
"183","SRP092158","SRX2271040","Regulatory T cells","breast tumor","Regulatory T cells","CD45RO+","activated","AGTCAA"
"184","SRP092158","SRX2271038","Regulatory T cells","breast tumor","Regulatory T cells","CD45RO+","activated","GGTAGC"
"185","SRP092158","SRX2271047","Conventional CD4 T cells","PBMC","Conventional CD4 T cells","CD45RO+","activated",NA
"186","SRP092158","SRX2271042","Regulatory T cells","breast tumor","Regulatory T cells","CD45RO+","activated","ACAGTG"
"187","SRP092158","SRX2271035","Regulatory T cells","breast tumor","Regulatory T cells","CD45RO+","activated","AGTTCC"
"188","SRP092158","SRX2271048","Conventional CD4 T cells","NBP","Conventional CD4 T cells","CD45RO+","activated","GTAGAG"
"189","SRP092158","SRX2271080","Regulatory T cells","NBP","Regulatory T cells","CD45RO+","activated","CACCGG"
"190","SRP092158","SRX2271051","Conventional CD4 T cells","NBP","Conventional CD4 T cells","CD45RO+","activated","ATTCCT"
"191","SRP092158","SRX2271072","Regulatory T cells","PBMC","Regulatory T cells","CD45RA+","na<U+00EF>ve",NA
"192","SRP092158","SRX2271083","Regulatory T cells","breast tumor","Regulatory T cells","CD45RO+","activated",NA
"193","SRP092158","SRX2271044","Conventional CD4 T cells","PBMC","Conventional CD4 T cells","CD45RA+","na<U+00EF>ve",NA
"194","SRP092158","SRX2271054","Conventional CD4 T cells","breast tumor","Conventional CD4 T cells","CD45RO+","activated","GTGAAA"
"195","SRP092158","SRX2271050","Conventional CD4 T cells","NBP","Conventional CD4 T cells","CD45RO+","activated","ATCACG"
"196","SRP092158","SRX2271050","Conventional CD4 T cells","NBP","Conventional CD4 T cells","CD45RO+","activated","ATCACG"
"197","SRP092158","SRX2271043","Regulatory T cells","breast tumor","Regulatory T cells","CD45RO+","activated","GAGTGG"
"198","SRP092158","SRX2271065","Conventional CD4 T cells","breast tumor","Conventional CD4 T cells","CD45RO+","activated","ACTGAT"
"199","SRP092158","SRX2271076","Regulatory T cells","NBP","Regulatory T cells","CD45RO+","activated","CCGTCC"
"200","SRP092158","SRX2271034","Regulatory T cells","breast tumor","Regulatory T cells","CD45RO+","activated","GTTTCG"
"201","SRP092158","SRX2271054","Conventional CD4 T cells","breast tumor","Conventional CD4 T cells","CD45RO+","activated","GTGAAA"
"202","SRP092158","SRX2271045","Conventional CD4 T cells","PBMC","Conventional CD4 T cells","CD45RO+","activated",NA
"203","SRP092158","SRX2271050","Conventional CD4 T cells","NBP","Conventional CD4 T cells","CD45RO+","activated","ATCACG"
"204","SRP092158","SRX2271048","Conventional CD4 T cells","NBP","Conventional CD4 T cells","CD45RO+","activated","GTAGAG"
"205","SRP092158","SRX2271077","Regulatory T cells","NBP","Regulatory T cells","CD45RO+","activated","TAGCTT"
"206","SRP092158","SRX2271067","Conventional CD4 T cells","breast tumor","Conventional CD4 T cells","CD45RO+","activated","CACTCA"
"207","SRP092158","SRX2271061","Conventional CD4 T cells","breast tumor","Conventional CD4 T cells","CD45RO+","activated","ATGTCA"
"208","SRP092158","SRX2271086","Regulatory T cells","breast tumor","Regulatory T cells","CD45RO+","activated","CGATGT"
"209","SRP092158","SRX2271081","Regulatory T cells","NBP","Regulatory T cells","CD45RO+","activated","CAGGCG"
"210","SRP092158","SRX2271067","Conventional CD4 T cells","breast tumor","Conventional CD4 T cells","CD45RO+","activated","CACTCA"
"211","SRP092158","SRX2271078","Regulatory T cells","NBP","Regulatory T cells","CD45RO+","activated","CTTGTA"
"212","SRP092158","SRX2271052","Conventional CD4 T cells","NBP","Conventional CD4 T cells","CD45RO+","activated","CACGAT"
"213","SRP092158","SRX2271036","Regulatory T cells","breast tumor","Regulatory T cells","CD45RO+","activated","ACTTGA"
"214","SRP092158","SRX2271041","Regulatory T cells","breast tumor","Regulatory T cells","CD45RO+","activated","TTAGGC"
"215","SRP092158","SRX2271077","Regulatory T cells","NBP","Regulatory T cells","CD45RO+","activated","TAGCTT"
"216","SRP092158","SRX2271046","Conventional CD4 T cells","PBMC","Conventional CD4 T cells","CD45RA+","na<U+00EF>ve",NA
"217","SRP092158","SRX2271037","Regulatory T cells","breast tumor","Regulatory T cells","CD45RO+","activated","GCCAAT"
"218","SRP092158","SRX2271034","Regulatory T cells","breast tumor","Regulatory T cells","CD45RO+","activated","GTTTCG"
"219","SRP092158","SRX2271069","Regulatory T cells","PBMC","Regulatory T cells","CD45RO+","activated",NA
"220","SRP092158","SRX2271049","Conventional CD4 T cells","NBP","Conventional CD4 T cells","CD45RO+","activated","GGCTAC"
"221","SRP092158","SRX2271082","Regulatory T cells","breast tumor","Regulatory T cells","CD45RO+","activated","GTCCGC"
"222","SRP092158","SRX2271051","Conventional CD4 T cells","NBP","Conventional CD4 T cells","CD45RO+","activated","ATTCCT"
"223","SRP092158","SRX2271036","Regulatory T cells","breast tumor","Regulatory T cells","CD45RO+","activated","ACTTGA"
"224","SRP092158","SRX2271077","Regulatory T cells","NBP","Regulatory T cells","CD45RO+","activated","TAGCTT"
"225","SRP092158","SRX2271062","Conventional CD4 T cells","breast tumor","Conventional CD4 T cells","CD45RO+","activated","GATCAG"
"226","SRP092158","SRX2271056","Conventional CD4 T cells","breast tumor","Conventional CD4 T cells","CD45RO+","activated",NA
"227","SRP092158","SRX2271050","Conventional CD4 T cells","NBP","Conventional CD4 T cells","CD45RO+","activated","ATCACG"
"228","SRP092158","SRX2271084","Regulatory T cells","breast tumor","Regulatory T cells","CD45RO+","activated",NA
"229","SRP092158","SRX2271043","Regulatory T cells","breast tumor","Regulatory T cells","CD45RO+","activated","GAGTGG"
"230","SRP092158","SRX2271086","Regulatory T cells","breast tumor","Regulatory T cells","CD45RO+","activated","CGATGT"
"231","SRP092158","SRX2271052","Conventional CD4 T cells","NBP","Conventional CD4 T cells","CD45RO+","activated","CACGAT"
"232","SRP092158","SRX2271057","Conventional CD4 T cells","breast tumor","Conventional CD4 T cells","CD45RO+","activated",NA
"233","SRP092158","SRX2271086","Regulatory T cells","breast tumor","Regulatory T cells","CD45RO+","activated","CGATGT"
"234","SRP092158","SRX2271078","Regulatory T cells","NBP","Regulatory T cells","CD45RO+","activated","CTTGTA"
"235","SRP092158","SRX2271052","Conventional CD4 T cells","NBP","Conventional CD4 T cells","CD45RO+","activated","CACGAT"
"236","SRP092158","SRX2271082","Regulatory T cells","breast tumor","Regulatory T cells","CD45RO+","activated","GTCCGC"
"237","SRP092158","SRX2271078","Regulatory T cells","NBP","Regulatory T cells","CD45RO+","activated","CTTGTA"
"238","SRP092158","SRX2271035","Regulatory T cells","breast tumor","Regulatory T cells","CD45RO+","activated","AGTTCC"
"239","SRP092158","SRX2271062","Conventional CD4 T cells","breast tumor","Conventional CD4 T cells","CD45RO+","activated","GATCAG"
"240","SRP092158","SRX2271045","Conventional CD4 T cells","PBMC","Conventional CD4 T cells","CD45RO+","activated",NA
"241","SRP092158","SRX2271087","Regulatory T cells","breast tumor","Regulatory T cells","CD45RO+","activated","CAAAAG"
"242","SRP092158","SRX2271087","Regulatory T cells","breast tumor","Regulatory T cells","CD45RO+","activated","CAAAAG"
"243","SRP092158","SRX2271052","Conventional CD4 T cells","NBP","Conventional CD4 T cells","CD45RO+","activated","CACGAT"
"244","SRP092158","SRX2271053","Conventional CD4 T cells","NBP","Conventional CD4 T cells","CD45RO+","activated","CATGGC"
"245","SRP092158","SRX2271044","Conventional CD4 T cells","PBMC","Conventional CD4 T cells","CD45RA+","na<U+00EF>ve",NA
"246","SRP092158","SRX2271081","Regulatory T cells","NBP","Regulatory T cells","CD45RO+","activated","CAGGCG"
"247","SRP092158","SRX2271066","Conventional CD4 T cells","breast tumor","Conventional CD4 T cells","CD45RO+","activated","CAACTA"
"248","SRP092158","SRX2271081","Regulatory T cells","NBP","Regulatory T cells","CD45RO+","activated","CAGGCG"
"249","SRP092158","SRX2271042","Regulatory T cells","breast tumor","Regulatory T cells","CD45RO+","activated","ACAGTG"
"250","SRP092158","SRX2271082","Regulatory T cells","breast tumor","Regulatory T cells","CD45RO+","activated","GTCCGC"
"251","SRP092158","SRX2271048","Conventional CD4 T cells","NBP","Conventional CD4 T cells","CD45RO+","activated","GTAGAG"
"252","SRP092158","SRX2271077","Regulatory T cells","NBP","Regulatory T cells","CD45RO+","activated","TAGCTT"
"253","SRP092158","SRX2271076","Regulatory T cells","NBP","Regulatory T cells","CD45RO+","activated","CCGTCC"
"254","SRP092158","SRX2271078","Regulatory T cells","NBP","Regulatory T cells","CD45RO+","activated","CTTGTA"
"255","SRP092158","SRX2271085","Regulatory T cells","breast tumor","Regulatory T cells","CD45RO+","activated",NA
"256","SRP092158","SRX2271040","Regulatory T cells","breast tumor","Regulatory T cells","CD45RO+","activated","AGTCAA"
"257","SRP092158","SRX2271035","Regulatory T cells","breast tumor","Regulatory T cells","CD45RO+","activated","AGTTCC"
"258","SRP092158","SRX2271055","Conventional CD4 T cells","breast tumor","Conventional CD4 T cells","CD45RO+","activated","CGTACG"
"259","SRP092158","SRX2271041","Regulatory T cells","breast tumor","Regulatory T cells","CD45RO+","activated","TTAGGC"
"260","SRP092158","SRX2271035","Regulatory T cells","breast tumor","Regulatory T cells","CD45RO+","activated","AGTTCC"
"261","SRP092158","SRX2271073","Regulatory T cells","PBMC","Regulatory T cells","CD45RO+","activated",NA
"262","SRP092158","SRX2271075","Regulatory T cells","PBMC","Regulatory T cells","CD45RO+","activated",NA
"263","SRP092158","SRX2271036","Regulatory T cells","breast tumor","Regulatory T cells","CD45RO+","activated","ACTTGA"
"264","SRP092158","SRX2271034","Regulatory T cells","breast tumor","Regulatory T cells","CD45RO+","activated","GTTTCG"
"265","SRP092158","SRX2271049","Conventional CD4 T cells","NBP","Conventional CD4 T cells","CD45RO+","activated","GGCTAC"
"266","SRP092158","SRX2271081","Regulatory T cells","NBP","Regulatory T cells","CD45RO+","activated","CAGGCG"
"267","SRP092158","SRX2271037","Regulatory T cells","breast tumor","Regulatory T cells","CD45RO+","activated","GCCAAT"
"268","SRP092158","SRX2271072","Regulatory T cells","PBMC","Regulatory T cells","CD45RA+","na<U+00EF>ve",NA
"269","SRP092158","SRX2271082","Regulatory T cells","breast tumor","Regulatory T cells","CD45RO+","activated","GTCCGC"
"270","SRP092158","SRX2271066","Conventional CD4 T cells","breast tumor","Conventional CD4 T cells","CD45RO+","activated","CAACTA"
"271","SRP092158","SRX2271040","Regulatory T cells","breast tumor","Regulatory T cells","CD45RO+","activated","AGTCAA"
"272","SRP092158","SRX2271035","Regulatory T cells","breast tumor","Regulatory T cells","CD45RO+","activated","AGTTCC"
"273","SRP092158","SRX2271055","Conventional CD4 T cells","breast tumor","Conventional CD4 T cells","CD45RO+","activated","CGTACG"
"274","SRP092158","SRX2271079","Regulatory T cells","NBP","Regulatory T cells","CD45RO+","activated","ATGAGC"
"275","SRP092158","SRX2271066","Conventional CD4 T cells","breast tumor","Conventional CD4 T cells","CD45RO+","activated","CAACTA"
"276","SRP092158","SRX2271040","Regulatory T cells","breast tumor","Regulatory T cells","CD45RO+","activated","AGTCAA"
"277","SRP092158","SRX2271087","Regulatory T cells","breast tumor","Regulatory T cells","CD45RO+","activated","CAAAAG"
"278","SRP092158","SRX2271080","Regulatory T cells","NBP","Regulatory T cells","CD45RO+","activated","CACCGG"
"279","SRP092158","SRX2271039","Regulatory T cells","breast tumor","Regulatory T cells","CD45RO+","activated","GTGGCC"
"280","SRP092158","SRX2271086","Regulatory T cells","breast tumor","Regulatory T cells","CD45RO+","activated","CGATGT"
"281","SRP092158","SRX2271049","Conventional CD4 T cells","NBP","Conventional CD4 T cells","CD45RO+","activated","GGCTAC"
"282","SRP092158","SRX2271053","Conventional CD4 T cells","NBP","Conventional CD4 T cells","CD45RO+","activated","CATGGC"
"283","SRP092158","SRX2271038","Regulatory T cells","breast tumor","Regulatory T cells","CD45RO+","activated","GGTAGC"
"284","SRP092158","SRX2271076","Regulatory T cells","NBP","Regulatory T cells","CD45RO+","activated","CCGTCC"
"285","SRP092158","SRX2271049","Conventional CD4 T cells","NBP","Conventional CD4 T cells","CD45RO+","activated","GGCTAC"
