"","study.accession","experiment.accession","isolate","age","biomaterial_provider","sex","tissue","sample_type","filename","md5_checksum","BioSampleModel"
"1","SRP108709","SRX2887265","4_12G_L001","not applicable","Gary Clawson, Penn State, Hershey","not applicable","Peripheral blood","single cell","GCGM4_12G_L001_R1_001.fastq.gz","5095688bed2a573c0e7502847b77e015","Human"
"2","SRP108709","SRX2887295","4_7G_L001","not applicable","Gary Clawson, Penn State, Hershey","not applicable","Peripheral blood","single cell","GCGM4_7G_L001_R1_001.fastq.gz","f7dbaf92bef506bac5bf9f9c5c2a562a","Human"
"3","SRP108709","SRX2887359","2_10F_L001","not applicable","Gary Clawson, Penn State, Hershey","not applicable","Peripheral blood","single cell","GCGM2_10F_L001_R1_001.fastq.gz","75d2eb65bf0bfafec7992cdcefcbd844","Human"
"4","SRP108709","SRX2887322","2_7F_L002","not applicable","Gary Clawson, Penn State, Hershey","not applicable","Peripheral blood","single cell","GCGM2_7F_L002_R1_001.fastq.gz","25b2c08ce9d01661ffc4ac0acab88796","Human"
"5","SRP108709","SRX2887339","4_2B_L001","not applicable","Gary Clawson, Penn State, Hershey","not applicable","Peripheral blood","single cell","GCGM4_2B_L001_R1_001.fastq.gz","ce2f432c7fb19a9827ad4aed376fe446","Human"
"6","SRP108709","SRX2887397","2_10B_L001","not applicable","Gary Clawson, Penn State, Hershey","not applicable","Peripheral blood","single cell","GCGM2_10B_L001_R1_001.fastq.gz","b233f41f403838957074e60264c3e21f","Human"
"7","SRP108709","SRX2887287","1_4EF_L008","not applicable","Gary Clawson, Penn State, Hershey","not applicable","Peripheral blood","single cell","GCGM1_4EF_L008_R1_001.fastq.gz","a8c7f6b62befb066ddad7ee77734d45e","Human"
"8","SRP108709","SRX2887523","4_9B_L001","not applicable","Gary Clawson, Penn State, Hershey","not applicable","Peripheral blood","single cell","GCGM4_9B_L001_R1_001.fastq.gz","e4fa0855d8133d5af40c0b320f20ba4c","Human"
"9","SRP108709","SRX2887381","4_4E_L002","not applicable","Gary Clawson, Penn State, Hershey","not applicable","Peripheral blood","single cell","GCGM4_4E_L002_R1_001.fastq.gz","5a70b7722f14b26a38a63ffddbc5c6e4","Human"
"10","SRP108709","SRX2887382","4_4D_L001","not applicable","Gary Clawson, Penn State, Hershey","not applicable","Peripheral blood","single cell","GCGM4_4D_L001_R1_001.fastq.gz","39e2f9d4545baf4c33a143e95a36ba0c","Human"
"11","SRP108709","SRX2887250","4_5H_L002","not applicable","Gary Clawson, Penn State, Hershey","not applicable","Peripheral blood","single cell","GCGM4_5H_L002_R1_001.fastq.gz","dbea113e76efdf2dd539c235a2ce11a5","Human"
"12","SRP108709","SRX2887301","4_8C_L002","not applicable","Gary Clawson, Penn State, Hershey","not applicable","Peripheral blood","single cell","GCGM4_8C_L002_R1_001.fastq.gz","ed484ee429b1477b853da9178ba14821","Human"
"13","SRP108709","SRX2887464","4_11A_L001","not applicable","Gary Clawson, Penn State, Hershey","not applicable","Peripheral blood","single cell","GCGM4_11A_L001_R1_001.fastq.gz","b5c98774f983f9358a3b46b954e0d559","Human"
"14","SRP108709","SRX2887466","4_10H_L001","not applicable","Gary Clawson, Penn State, Hershey","not applicable","Peripheral blood","single cell","GCGM4_10H_L001_R1_001.fastq.gz","14d244134dd0353d92d2734eb1ff8ec4","Human"
"15","SRP108709","SRX2887550","4_9B_L002","not applicable","Gary Clawson, Penn State, Hershey","not applicable","Peripheral blood","single cell","GCGM4_9B_L002_R1_001.fastq.gz","6a8e721f8f18009dc8e2ba0a2caa8f50","Human"
"16","SRP108709","SRX2887413","4_3F_L001","not applicable","Gary Clawson, Penn State, Hershey","not applicable","Peripheral blood","single cell","GCGM4_3F_L001_R1_001.fastq.gz","245a4df2514a38bb03b637216c3ab9a0","Human"
"17","SRP108709","SRX2887440","2_2E_L002","not applicable","Gary Clawson, Penn State, Hershey","not applicable","Peripheral blood","single cell","GCGM2_2E_L002_R1_001.fastq.gz","1b64bf1c01545c8266798fd081aa51c2","Human"
"18","SRP108709","SRX2887325","4_7C_L001","not applicable","Gary Clawson, Penn State, Hershey","not applicable","Peripheral blood","single cell","GCGM4_7C_L001_R1_001.fastq.gz","cc6e3051417a77ebe4a10c6559a5aa00","Human"
"19","SRP108709","SRX2887283","1_6C_L008","not applicable","Gary Clawson, Penn State, Hershey","not applicable","Peripheral blood","single cell","GCGM1_6C_L008_R1_001.fastq.gz","8924c26297f0b7f8e1e133d08e09640f","Human"
"20","SRP108709","SRX2887511","2_5A_L002","not applicable","Gary Clawson, Penn State, Hershey","not applicable","Peripheral blood","single cell","GCGM2_5A_L002_R1_001.fastq.gz","4ac4402fcf909217f8b45ee91cd658d5","Human"
"21","SRP108709","SRX2887491","4_4F_L002","not applicable","Gary Clawson, Penn State, Hershey","not applicable","Peripheral blood","single cell","GCGM4_4F_L002_R1_001.fastq.gz","ec1094d8d5870798d04b7457fb1df5cf","Human"
"22","SRP108709","SRX2887352","2_9C_L002","not applicable","Gary Clawson, Penn State, Hershey","not applicable","Peripheral blood","single cell","GCGM2_9C_L002_R1_001.fastq.gz","791113347995d0cc82e6e552721e0599","Human"
"23","SRP108709","SRX2887258","4_1C_L001","not applicable","Gary Clawson, Penn State, Hershey","not applicable","Peripheral blood","single cell","GCGM4_1C_L001_R1_001.fastq.gz","a09141a3f96b2f3ba234d279653e3a83","Human"
"24","SRP108709","SRX2887252","4_6A_L002","not applicable","Gary Clawson, Penn State, Hershey","not applicable","Peripheral blood","single cell","GCGM4_6A_L002_R1_001.fastq.gz","f9fc6b1631531fd650cd30a8967d188a","Human"
"25","SRP108709","SRX2887284","1_5EF_L008","not applicable","Gary Clawson, Penn State, Hershey","not applicable","Peripheral blood","single cell","GCGM1_5EF_L008_R1_001.fastq.gz","ca245785e90f3ada535ccc5096b63d3f","Human"
"26","SRP108709","SRX2887380","4_4E_L001","not applicable","Gary Clawson, Penn State, Hershey","not applicable","Peripheral blood","single cell","GCGM4_4E_L001_R1_001.fastq.gz","843375df5f642e87d9ffd6debc206020","Human"
"27","SRP108709","SRX2887445","2_4A_L001","not applicable","Gary Clawson, Penn State, Hershey","not applicable","Peripheral blood","single cell","GCGM2_4A_L001_R1_001.fastq.gz","2205468cbd45ef4ef4862291031d6d0b","Human"
"28","SRP108709","SRX2887436","2_1E_L002","not applicable","Gary Clawson, Penn State, Hershey","not applicable","Peripheral blood","single cell","GCGM2_1E_L002_R1_001.fastq.gz","03618db5c9c3e93bdab60ebafd6aeb15","Human"
"29","SRP108709","SRX2887546","2_3D_L002","not applicable","Gary Clawson, Penn State, Hershey","not applicable","Peripheral blood","single cell","GCGM2_3D_L002_R1_001.fastq.gz","1a99f6e216db8d732d0fceac2518bd46","Human"
"30","SRP108709","SRX2887505","4_11E_L001","not applicable","Gary Clawson, Penn State, Hershey","not applicable","Peripheral blood","single cell","GCGM4_11E_L001_R1_001.fastq.gz","63cd7d1a2548be9891b70b6119a408fa","Human"
"31","SRP108709","SRX2887300","4_8C_L001","not applicable","Gary Clawson, Penn State, Hershey","not applicable","Peripheral blood","single cell","GCGM4_8C_L001_R1_001.fastq.gz","aa155b56c278917c70462d27c87b0b73","Human"
"32","SRP108709","SRX2887312","4_1F_L002","not applicable","Gary Clawson, Penn State, Hershey","not applicable","Peripheral blood","single cell","GCGM4_1F_L002_R1_001.fastq.gz","0bb58bec434ed4c781740914ad7aa052","Human"
"33","SRP108709","SRX2887353","2_9B_L001","not applicable","Gary Clawson, Penn State, Hershey","not applicable","Peripheral blood","single cell","GCGM2_9B_L001_R1_001.fastq.gz","bd2448798254ac2cbdcf51a2417946dc","Human"
"34","SRP108709","SRX2887260","2_5E_L002","not applicable","Gary Clawson, Penn State, Hershey","not applicable","Peripheral blood","single cell","GCGM2_5E_L002_R1_001.fastq.gz","06a2dff09a1fd9826628925ccdea476e","Human"
"35","SRP108709","SRX2887434","4_10F_L002","not applicable","Gary Clawson, Penn State, Hershey","not applicable","Peripheral blood","single cell","GCGM4_10F_L002_R1_001.fastq.gz","ae83c55fe628bc0d336473ba31d4e057","Human"
"36","SRP108709","SRX2887262","4_1A_L002","not applicable","Gary Clawson, Penn State, Hershey","not applicable","Peripheral blood","single cell","GCGM4_1A_L002_R1_001.fastq.gz","9e78490c89941e80e598e38828dd5cc0","Human"
"37","SRP108709","SRX2887289","1_5D_L008","not applicable","Gary Clawson, Penn State, Hershey","not applicable","Peripheral blood","single cell","GCGM1_5D_L008_R1_001.fastq.gz","31466132a60ad1b00c23f9f326aa0d56","Human"
"38","SRP108709","SRX2887525","4_6F_L002","not applicable","Gary Clawson, Penn State, Hershey","not applicable","Peripheral blood","single cell","GCGM4_6F_L002_R1_001.fastq.gz","f274e8e3837b927be5de68da31cabb8f","Human"
"39","SRP108709","SRX2887481","1_3C_L008","not applicable","Gary Clawson, Penn State, Hershey","not applicable","Peripheral blood","single cell","GCGM1_3C_L008_R1_001.fastq.gz","e0686309304dc276531ada5fc0fe6827","Human"
"40","SRP108709","SRX2887324","4_7C_L002","not applicable","Gary Clawson, Penn State, Hershey","not applicable","Peripheral blood","single cell","GCGM4_7C_L002_R1_001.fastq.gz","ea2dfb0fcea8b745253d59f7729d8dc8","Human"
"41","SRP108709","SRX2887392","3_2D_L008","not applicable","Gary Clawson, Penn State, Hershey","not applicable","Peripheral blood","single cell","GCGM3_2D_L008_R1_001.fastq.gz","1fe53679ddd6407127552646d5abbeb0","Human"
"42","SRP108709","SRX2887417","4_3D_L001","not applicable","Gary Clawson, Penn State, Hershey","not applicable","Peripheral blood","single cell","GCGM4_3D_L001_R1_001.fastq.gz","a4a5c53ccab277081d2b936b20d3f5a4","Human"
"43","SRP108709","SRX2887514","4_12A_L002","not applicable","Gary Clawson, Penn State, Hershey","not applicable","Peripheral blood","single cell","GCGM4_12A_L002_R1_001.fastq.gz","ac572a49249bb74fa90f19b50c026182","Human"
"44","SRP108709","SRX2887357","2_3G_L002","not applicable","Gary Clawson, Penn State, Hershey","not applicable","Peripheral blood","single cell","GCGM2_3G_L002_R1_001.fastq.gz","2bc066a89460b0054a59fb75b023a441","Human"
"45","SRP108709","SRX2887487","4_4H_L002","not applicable","Gary Clawson, Penn State, Hershey","not applicable","Peripheral blood","single cell","GCGM4_4H_L002_R1_001.fastq.gz","c2689dcacd6ddeb10aa4f398d73eb01c","Human"
"46","SRP108709","SRX2887432","4_10E_L002","not applicable","Gary Clawson, Penn State, Hershey","not applicable","Peripheral blood","single cell","GCGM4_10E_L002_R1_001.fastq.gz","048b2a11a0564a590fe8933240f085c2","Human"
"47","SRP108709","SRX2887388","3_8C_L008","not applicable","Gary Clawson, Penn State, Hershey","not applicable","Peripheral blood","single cell","GCGM3_8C_L008_R1_001.fastq.gz","b421ddc28e15db46840acca38f832c8d","Human"
"48","SRP108709","SRX2887384","4_10B_L001","not applicable","Gary Clawson, Penn State, Hershey","not applicable","Peripheral blood","single cell","GCGM4_10B_L001_R1_001.fastq.gz","befb731c432af08002e6bed76556c3c5","Human"
"49","SRP108709","SRX2887400","1_8C_L008","not applicable","Gary Clawson, Penn State, Hershey","not applicable","Peripheral blood","single cell","GCGM1_8C_L008_R1_001.fastq.gz","bc38225137f8edbccb57e1f19a36b4fc","Human"
"50","SRP108709","SRX2887551","4_THP1_L002","not applicable","Gary Clawson, Penn State, Hershey","not applicable","Peripheral blood","single cell","GCGM4_THP1_L002_R1_001.fastq.gz","b102be61c20de3325d9bc6dbe99a814d","Human"
"51","SRP108709","SRX2887473","2_11E_L002","not applicable","Gary Clawson, Penn State, Hershey","not applicable","Peripheral blood","single cell","GCGM2_11E_L002_R1_001.fastq.gz","a81941aa8b42ba95fe9f3ebd54fd6459","Human"
"52","SRP108709","SRX2887494","4_9A_L001","not applicable","Gary Clawson, Penn State, Hershey","not applicable","Peripheral blood","single cell","GCGM4_9A_L001_R1_001.fastq.gz","a389ae7752beae412ae9b5f0d14c885b","Human"
"53","SRP108709","SRX2887372","4_3B_L002","not applicable","Gary Clawson, Penn State, Hershey","not applicable","Peripheral blood","single cell","GCGM4_3B_L002_R1_001.fastq.gz","470200d2b1f8a4cf569fe7f33f480a9b","Human"
"54","SRP108709","SRX2887335","4_2D_L001","not applicable","Gary Clawson, Penn State, Hershey","not applicable","Peripheral blood","single cell","GCGM4_2D_L001_R1_001.fastq.gz","2fe8275abc81a5dc3c5b13d3af1c4892","Human"
"55","SRP108709","SRX2887527","4_6E_L002","not applicable","Gary Clawson, Penn State, Hershey","not applicable","Peripheral blood","single cell","GCGM4_6E_L002_R1_001.fastq.gz","1e46103b26112400ad0e0b91b4096651","Human"
"56","SRP108709","SRX2887479","2_1E_L001","not applicable","Gary Clawson, Penn State, Hershey","not applicable","Peripheral blood","single cell","GCGM2_1E_L001_R1_001.fastq.gz","40b89410efe4b32c24d1692f9a110783","Human"
"57","SRP108709","SRX2887530","4_6G_L001","not applicable","Gary Clawson, Penn State, Hershey","not applicable","Peripheral blood","single cell","GCGM4_6G_L001_R1_001.fastq.gz","53c7d8714cc0f985de4c9c818b85b5df","Human"
"58","SRP108709","SRX2887502","4_9G_L002","not applicable","Gary Clawson, Penn State, Hershey","not applicable","Peripheral blood","single cell","GCGM4_9G_L002_R1_001.fastq.gz","ab85a671f1fd7a9d4df54cc5e5048a7d","Human"
"59","SRP108709","SRX2887537","4_12C_L001","not applicable","Gary Clawson, Penn State, Hershey","not applicable","Peripheral blood","single cell","GCGM4_12C_L001_R1_001.fastq.gz","40a856a4d3df0107bf43fb5cec24ea56","Human"
"60","SRP108709","SRX2887332","4_7F_L002","not applicable","Gary Clawson, Penn State, Hershey","not applicable","Peripheral blood","single cell","GCGM4_7F_L002_R1_001.fastq.gz","5bf244790899640db1e36998826b7292","Human"
"61","SRP108709","SRX2887422","4_3H_L001","not applicable","Gary Clawson, Penn State, Hershey","not applicable","Peripheral blood","single cell","GCGM4_3H_L001_R1_001.fastq.gz","9166dce29e5666c24497496e446c39e7","Human"
"62","SRP108709","SRX2887485","4_5A_L002","not applicable","Gary Clawson, Penn State, Hershey","not applicable","Peripheral blood","single cell","GCGM4_5A_L002_R1_001.fastq.gz","7bfeb0c678033a8bf0ee6ca5c40d2a16","Human"
"63","SRP108709","SRX2887497","4_THP1_L001","not applicable","Gary Clawson, Penn State, Hershey","not applicable","Peripheral blood","single cell","GCGM4_THP1_L001_R1_001.fastq.gz","05a35b77c4d4643f14ed31b3563b61f2","Human"
"64","SRP108709","SRX2887247","2_3C_L001","not applicable","Gary Clawson, Penn State, Hershey","not applicable","Peripheral blood","single cell","GCGM2_3C_L001_R1_001.fastq.gz","10623720c0ebfd8c938509f18db9f6b4","Human"
"65","SRP108709","SRX2887461","4_11B_L002","not applicable","Gary Clawson, Penn State, Hershey","not applicable","Peripheral blood","single cell","GCGM4_11B_L002_R1_001.fastq.gz","d4b40186ad950113131cfa0d8448514b","Human"
"66","SRP108709","SRX2887510","4_11G_L002","not applicable","Gary Clawson, Penn State, Hershey","not applicable","Peripheral blood","single cell","GCGM4_11G_L002_R1_001.fastq.gz","16850b883c25a9bd0e49a5bc91ba6fec","Human"
"67","SRP108709","SRX2887467","4_9E_L002","not applicable","Gary Clawson, Penn State, Hershey","not applicable","Peripheral blood","single cell","GCGM4_9E_L002_R1_001.fastq.gz","8030ebc2e0746ed5f1056740ff58548f","Human"
"68","SRP108709","SRX2887552","2_4H_L002","not applicable","Gary Clawson, Penn State, Hershey","not applicable","Peripheral blood","single cell","GCGM2_4H_L002_R1_001.fastq.gz","f575ff99add789f8b55f09d6bcd6837a","Human"
"69","SRP108709","SRX2887428","4_10C_L002","not applicable","Gary Clawson, Penn State, Hershey","not applicable","Peripheral blood","single cell","GCGM4_10C_L002_R1_001.fastq.gz","4bf5fbe50f849df8c5bb0b3caebd48a0","Human"
"70","SRP108709","SRX2887277","2_9A_L002","not applicable","Gary Clawson, Penn State, Hershey","not applicable","Peripheral blood","single cell","GCGM2_9A_L002_R1_001.fastq.gz","64868ef108b32b3b17cb4ffa94ceb591","Human"
"71","SRP108709","SRX2887373","4_3B_L001","not applicable","Gary Clawson, Penn State, Hershey","not applicable","Peripheral blood","single cell","GCGM4_3B_L001_R1_001.fastq.gz","18324624368cab49be2ed16c2fb5daba","Human"
"72","SRP108709","SRX2887459","4_11C_L002","not applicable","Gary Clawson, Penn State, Hershey","not applicable","Peripheral blood","single cell","GCGM4_11C_L002_R1_001.fastq.gz","62906796a6711cf29f084d9866e11f7e","Human"
"73","SRP108709","SRX2887408","4_4A_L001","not applicable","Gary Clawson, Penn State, Hershey","not applicable","Peripheral blood","single cell","GCGM4_4A_L001_R1_001.fastq.gz","b00710d8c586500d1ce7a3125c127617","Human"
"74","SRP108709","SRX2887506","4_11E_L002","not applicable","Gary Clawson, Penn State, Hershey","not applicable","Peripheral blood","single cell","GCGM4_11E_L002_R1_001.fastq.gz","0c76f274d19f269bf296595530ed4350","Human"
"75","SRP108709","SRX2887266","4_12G_L002","not applicable","Gary Clawson, Penn State, Hershey","not applicable","Peripheral blood","single cell","GCGM4_12G_L002_R1_001.fastq.gz","a4f2d4e2309d92abd55d0d4f13e36371","Human"
"76","SRP108709","SRX2887471","4_9D_L001","not applicable","Gary Clawson, Penn State, Hershey","not applicable","Peripheral blood","single cell","GCGM4_9D_L001_R1_001.fastq.gz","d29a04f201c76be69265c06bbeb474d4","Human"
"77","SRP108709","SRX2887453","4_5E_L001","not applicable","Gary Clawson, Penn State, Hershey","not applicable","Peripheral blood","single cell","GCGM4_5E_L001_R1_001.fastq.gz","45fe49c01cf61ae167be163a9459d51d","Human"
"78","SRP108709","SRX2887495","4_9H_L001","not applicable","Gary Clawson, Penn State, Hershey","not applicable","Peripheral blood","single cell","GCGM4_9H_L001_R1_001.fastq.gz","dabc04e18e482aaf45aa42250bc0b955","Human"
"79","SRP108709","SRX2887273","2_8D_L001","not applicable","Gary Clawson, Penn State, Hershey","not applicable","Peripheral blood","single cell","GCGM2_8D_L001_R1_001.fastq.gz","c58eabac9503e999a448193f04df2673","Human"
"80","SRP108709","SRX2887271","2_8G_L002","not applicable","Gary Clawson, Penn State, Hershey","not applicable","Peripheral blood","single cell","GCGM2_8G_L002_R1_001.fastq.gz","49d24bb501730bebed0c6eeded163539","Human"
"81","SRP108709","SRX2887458","4_5G_L002","not applicable","Gary Clawson, Penn State, Hershey","not applicable","Peripheral blood","single cell","GCGM4_5G_L002_R1_001.fastq.gz","5e97761ef04b014ca312f494e82af4d3","Human"
"82","SRP108709","SRX2887426","4_8H_L001","not applicable","Gary Clawson, Penn State, Hershey","not applicable","Peripheral blood","single cell","GCGM4_8H_L001_R1_001.fastq.gz","31ece0d6641b2abac614eee046e6314a","Human"
"83","SRP108709","SRX2887308","4_1D_L002","not applicable","Gary Clawson, Penn State, Hershey","not applicable","Peripheral blood","single cell","GCGM4_1D_L002_R1_001.fastq.gz","310c06d74f52b966d5185547c903a775","Human"
"84","SRP108709","SRX2887450","4_5C_L002","not applicable","Gary Clawson, Penn State, Hershey","not applicable","Peripheral blood","single cell","GCGM4_5C_L002_R1_001.fastq.gz","6ff70cbc0b7d66345e8ae266dae5ebbb","Human"
"85","SRP108709","SRX2887334","2_5E_L001","not applicable","Gary Clawson, Penn State, Hershey","not applicable","Peripheral blood","single cell","GCGM2_5E_L001_R1_001.fastq.gz","a8d3650a6dd093b70fb5b98f38210eeb","Human"
"86","SRP108709","SRX2887446","1_3D_L008","not applicable","Gary Clawson, Penn State, Hershey","not applicable","Peripheral blood","single cell","GCGM1_3D_L008_R1_001.fastq.gz","27c3ed36665a4ea235d0e40501c2068c","Human"
"87","SRP108709","SRX2887470","2_12H_L001","not applicable","Gary Clawson, Penn State, Hershey","not applicable","Peripheral blood","single cell","GCGM2_12H_L001_R1_001.fastq.gz","1b5bcafcc8316389fb0d5616c0afbffa","Human"
"88","SRP108709","SRX2887427","4_10C_L001","not applicable","Gary Clawson, Penn State, Hershey","not applicable","Peripheral blood","single cell","GCGM4_10C_L001_R1_001.fastq.gz","2563996e65a785f31b85de85c5472c74","Human"
"89","SRP108709","SRX2887311","4_1G_L001","not applicable","Gary Clawson, Penn State, Hershey","not applicable","Peripheral blood","single cell","GCGM4_1G_L001_R1_001.fastq.gz","b4e1db378a7b6645aaa32aad2797c7ac","Human"
"90","SRP108709","SRX2887264","4_1B_L002","not applicable","Gary Clawson, Penn State, Hershey","not applicable","Peripheral blood","single cell","GCGM4_1B_L002_R1_001.fastq.gz","77263fc8807793347b0a9e8087afa5a5","Human"
"91","SRP108709","SRX2887424","4_10G_L002","not applicable","Gary Clawson, Penn State, Hershey","not applicable","Peripheral blood","single cell","GCGM4_10G_L002_R1_001.fastq.gz","e6aefe201aedef17013f538ea4219a37","Human"
"92","SRP108709","SRX2887437","2_2E_L001","not applicable","Gary Clawson, Penn State, Hershey","not applicable","Peripheral blood","single cell","GCGM2_2E_L001_R1_001.fastq.gz","03c9937f94e5870a7911e19b1cd38254","Human"
"93","SRP108709","SRX2887536","4_12C_L002","not applicable","Gary Clawson, Penn State, Hershey","not applicable","Peripheral blood","single cell","GCGM4_12C_L002_R1_001.fastq.gz","b31d35ed6447b6fb3d0b077378553bf5","Human"
"94","SRP108709","SRX2887549","2_10C_L002","not applicable","Gary Clawson, Penn State, Hershey","not applicable","Peripheral blood","single cell","GCGM2_10C_L002_R1_001.fastq.gz","267741f2cebc3b3afdfa243318867d5e","Human"
"95","SRP108709","SRX2887501","4_9G_L001","not applicable","Gary Clawson, Penn State, Hershey","not applicable","Peripheral blood","single cell","GCGM4_9G_L001_R1_001.fastq.gz","2194af7bcecca71428baa9b48179ef58","Human"
"96","SRP108709","SRX2887405","4_8F_L001","not applicable","Gary Clawson, Penn State, Hershey","not applicable","Peripheral blood","single cell","GCGM4_8F_L001_R1_001.fastq.gz","138ec9ed6418f0fe3e46fbbbabfe5dbc","Human"
"97","SRP108709","SRX2887404","2_10C_L001","not applicable","Gary Clawson, Penn State, Hershey","not applicable","Peripheral blood","single cell","GCGM2_10C_L001_R1_001.fastq.gz","acae12079a5da29a65a648ffbc5a67a1","Human"
"98","SRP108709","SRX2887449","4_5C_L001","not applicable","Gary Clawson, Penn State, Hershey","not applicable","Peripheral blood","single cell","GCGM4_5C_L001_R1_001.fastq.gz","ab8063fe726ffd70332349e4f8313542","Human"
"99","SRP108709","SRX2887342","4_2A_L002","not applicable","Gary Clawson, Penn State, Hershey","not applicable","Peripheral blood","single cell","GCGM4_2A_L002_R1_001.fastq.gz","509815d513b35ddba58456a8c42469b7","Human"
"100","SRP108709","SRX2887379","4_3C_L001","not applicable","Gary Clawson, Penn State, Hershey","not applicable","Peripheral blood","single cell","GCGM4_3C_L001_R1_001.fastq.gz","fe7072a7b6ef00ab114f546ee66cf6ea","Human"
"101","SRP108709","SRX2887328","4_7E_L002","not applicable","Gary Clawson, Penn State, Hershey","not applicable","Peripheral blood","single cell","GCGM4_7E_L002_R1_001.fastq.gz","590161c6751a6d6a4f7e1754a483df4f","Human"
"102","SRP108709","SRX2887387","3_9D_L008","not applicable","Gary Clawson, Penn State, Hershey","not applicable","Peripheral blood","single cell","GCGM3_9D_L008_R1_001.fastq.gz","f5adbc66fa7c5acb08368b8938d86cf8","Human"
"103","SRP108709","SRX2887533","4_8G_L002","not applicable","Gary Clawson, Penn State, Hershey","not applicable","Peripheral blood","single cell","GCGM4_8G_L002_R1_001.fastq.gz","34d203444087cb1b2ee235bb055fc6c3","Human"
"104","SRP108709","SRX2887430","4_10D_L002","not applicable","Gary Clawson, Penn State, Hershey","not applicable","Peripheral blood","single cell","GCGM4_10D_L002_R1_001.fastq.gz","2a2107b7ca1327ffb5949dbc3de98898","Human"
"105","SRP108709","SRX2887331","4_7D_L001","not applicable","Gary Clawson, Penn State, Hershey","not applicable","Peripheral blood","single cell","GCGM4_7D_L001_R1_001.fastq.gz","407c2c6b148a1b91afad6cf322d43136","Human"
"106","SRP108709","SRX2887531","4_6G_L002","not applicable","Gary Clawson, Penn State, Hershey","not applicable","Peripheral blood","single cell","GCGM4_6G_L002_R1_001.fastq.gz","01fd41d4bdd2fcc4a52594ff2111e400","Human"
"107","SRP108709","SRX2887547","2_3D_L008","not applicable","Gary Clawson, Penn State, Hershey","not applicable","Peripheral blood","single cell","GCGM2_3D_L008_R1_001.fastq.gz","4dd65f13fe6dd7fb54e5d8a4a069567f","Human"
"108","SRP108709","SRX2887355","2_11B_L002","not applicable","Gary Clawson, Penn State, Hershey","not applicable","Peripheral blood","single cell","GCGM2_11B_L002_R1_001.fastq.gz","418f61fe3fd65c7bdade1ed7a716f7aa","Human"
"109","SRP108709","SRX2887326","4_7B_L002","not applicable","Gary Clawson, Penn State, Hershey","not applicable","Peripheral blood","single cell","GCGM4_7B_L002_R1_001.fastq.gz","0ec33fb0f47bc8721cc7bf686f03633a","Human"
"110","SRP108709","SRX2887245","4_6D_L002","not applicable","Gary Clawson, Penn State, Hershey","not applicable","Peripheral blood","single cell","GCGM4_6D_L002_R1_001.fastq.gz","3e9462550dfa9485e2d2112cdcef5206","Human"
"111","SRP108709","SRX2887448","4_4C_L001","not applicable","Gary Clawson, Penn State, Hershey","not applicable","Peripheral blood","single cell","GCGM4_4C_L001_R1_001.fastq.gz","e454e8236f8ed789f62911a913b5854f","Human"
"112","SRP108709","SRX2887418","4_3E_L002","not applicable","Gary Clawson, Penn State, Hershey","not applicable","Peripheral blood","single cell","GCGM4_3E_L002_R1_001.fastq.gz","dc52364996cb8373dddf0842612ea6d6","Human"
"113","SRP108709","SRX2887356","2_11B_L001","not applicable","Gary Clawson, Penn State, Hershey","not applicable","Peripheral blood","single cell","GCGM2_11B_L001_R1_001.fastq.gz","075fb365655ca76a82872cde3e3188f7","Human"
"114","SRP108709","SRX2887321","2_5H_L002","not applicable","Gary Clawson, Penn State, Hershey","not applicable","Peripheral blood","single cell","GCGM2_5H_L002_R1_001.fastq.gz","031ddbbd33dbef8529d41733a31b1bcd","Human"
"115","SRP108709","SRX2887281","1_7C_L008","not applicable","Gary Clawson, Penn State, Hershey","not applicable","Peripheral blood","single cell","GCGM1_7C_L008_R1_001.fastq.gz","8dc7aca0cdb4a64da42d6d360252c199","Human"
"116","SRP108709","SRX2887272","2_8G_L001","not applicable","Gary Clawson, Penn State, Hershey","not applicable","Peripheral blood","single cell","GCGM2_8G_L001_R1_001.fastq.gz","6614b9abdd4b51ee9dd515c11dac6e89","Human"
"117","SRP108709","SRX2887318","2_5H_L008","not applicable","Gary Clawson, Penn State, Hershey","not applicable","Peripheral blood","single cell","GCGM2_5H_L008_R1_001.fastq.gz","5ecb7baffc180b64f838ad5d4e437412","Human"
"118","SRP108709","SRX2887354","2_9B_L002","not applicable","Gary Clawson, Penn State, Hershey","not applicable","Peripheral blood","single cell","GCGM2_9B_L002_R1_001.fastq.gz","51db554b083303140476f4b859eca0a4","Human"
"119","SRP108709","SRX2887259","4_1C_L002","not applicable","Gary Clawson, Penn State, Hershey","not applicable","Peripheral blood","single cell","GCGM4_1C_L002_R1_001.fastq.gz","e54a6f0547696de33b80a8c017c4bf16","Human"
"120","SRP108709","SRX2887407","4_8G_L001","not applicable","Gary Clawson, Penn State, Hershey","not applicable","Peripheral blood","single cell","GCGM4_8G_L001_R1_001.fastq.gz","3ae04e28256ded552cb5fd9aafb3c999","Human"
"121","SRP108709","SRX2887389","4_10A_L002","not applicable","Gary Clawson, Penn State, Hershey","not applicable","Peripheral blood","single cell","GCGM4_10A_L002_R1_001.fastq.gz","90c5a68dac4ba82f97ef550a4844406a","Human"
"122","SRP108709","SRX2887333","4_7F_L001","not applicable","Gary Clawson, Penn State, Hershey","not applicable","Peripheral blood","single cell","GCGM4_7F_L001_R1_001.fastq.gz","45c2dfc3d304a5e5fd55df061316bbf6","Human"
"123","SRP108709","SRX2887254","1_1D_L008","not applicable","Gary Clawson, Penn State, Hershey","not applicable","Peripheral blood","single cell","GCGM1_1D_L008_R1_001.fastq.gz","8fe29ad7bd1be30fcaa76b92aa25b117","Human"
"124","SRP108709","SRX2887253","4_6A_L001","not applicable","Gary Clawson, Penn State, Hershey","not applicable","Peripheral blood","single cell","GCGM4_6A_L001_R1_001.fastq.gz","7a3502f41816eeac449242a3c8af2f22","Human"
"125","SRP108709","SRX2887528","4_6H_L001","not applicable","Gary Clawson, Penn State, Hershey","not applicable","Peripheral blood","single cell","GCGM4_6H_L001_R1_001.fastq.gz","7888352423e7182c1de0b005a36fed1b","Human"
"126","SRP108709","SRX2887246","4_6D_L001","not applicable","Gary Clawson, Penn State, Hershey","not applicable","Peripheral blood","single cell","GCGM4_6D_L001_R1_001.fastq.gz","b364c48a6c4611b0dfa83b2fdf90a917","Human"
"127","SRP108709","SRX2887391","3_3D_L008","not applicable","Gary Clawson, Penn State, Hershey","not applicable","Peripheral blood","single cell","GCGM3_3D_L008_R1_001.fastq.gz","8d521c13581785b97facfe90be4015ba","Human"
"128","SRP108709","SRX2887315","2_7F_L001","not applicable","Gary Clawson, Penn State, Hershey","not applicable","Peripheral blood","single cell","GCGM2_7F_L001_R1_001.fastq.gz","a0274989cd9ab3d50227deb3737a3f1a","Human"
"129","SRP108709","SRX2887441","2_3A_L001","not applicable","Gary Clawson, Penn State, Hershey","not applicable","Peripheral blood","single cell","GCGM2_3A_L001_R1_001.fastq.gz","1490ae158c6a8eb1199fae0ec916d497","Human"
"130","SRP108709","SRX2887292","4_8A_L002","not applicable","Gary Clawson, Penn State, Hershey","not applicable","Peripheral blood","single cell","GCGM4_8A_L002_R1_001.fastq.gz","cc79877ab2c5724d534a4e7398130120","Human"
"131","SRP108709","SRX2887296","4_7G_L002","not applicable","Gary Clawson, Penn State, Hershey","not applicable","Peripheral blood","single cell","GCGM4_7G_L002_R1_001.fastq.gz","a111ac906f279e67f5af7c7506fabeef","Human"
"132","SRP108709","SRX2887261","4_1A_L001","not applicable","Gary Clawson, Penn State, Hershey","not applicable","Peripheral blood","single cell","GCGM4_1A_L001_R1_001.fastq.gz","b3e1331023f1a332f2e76763a7048162","Human"
"133","SRP108709","SRX2887393","3_8A_L008","not applicable","Gary Clawson, Penn State, Hershey","not applicable","Peripheral blood","single cell","GCGM3_8A_L008_R1_001.fastq.gz","1bfdee9a86da2838132d5aeec2b62455","Human"
"134","SRP108709","SRX2887306","4_1E_L002","not applicable","Gary Clawson, Penn State, Hershey","not applicable","Peripheral blood","single cell","GCGM4_1E_L002_R1_001.fastq.gz","a0afd61df9061df9167b9c352675f5a9","Human"
"135","SRP108709","SRX2887341","4_2A_L001","not applicable","Gary Clawson, Penn State, Hershey","not applicable","Peripheral blood","single cell","GCGM4_2A_L001_R1_001.fastq.gz","86ea1e5e7d722fea6da2f54901874a33","Human"
"136","SRP108709","SRX2887358","2_10F_L002","not applicable","Gary Clawson, Penn State, Hershey","not applicable","Peripheral blood","single cell","GCGM2_10F_L002_R1_001.fastq.gz","934a158af9017b11c4cbb0030da0afa6","Human"
"137","SRP108709","SRX2887493","4_8E_L002","not applicable","Gary Clawson, Penn State, Hershey","not applicable","Peripheral blood","single cell","GCGM4_8E_L002_R1_001.fastq.gz","711cc0c8afddd3226cbf93445a366437","Human"
"138","SRP108709","SRX2887280","1_7D_L008","not applicable","Gary Clawson, Penn State, Hershey","not applicable","Peripheral blood","single cell","GCGM1_7D_L008_R1_001.fastq.gz","f99a89110b401c1719654c7070f96e6d","Human"
"139","SRP108709","SRX2887455","4_5F_L001","not applicable","Gary Clawson, Penn State, Hershey","not applicable","Peripheral blood","single cell","GCGM4_5F_L001_R1_001.fastq.gz","8149909cd02b495f6343221a0a2c0dc3","Human"
"140","SRP108709","SRX2887516","2_4H-2_L001","not applicable","Gary Clawson, Penn State, Hershey","not applicable","Peripheral blood","single cell","GCGM2_4H-2_L001_R1_001.fastq.gz","d575d1ae3638fe903178e0a84f960acd","Human"
"141","SRP108709","SRX2887309","4_1D_L001","not applicable","Gary Clawson, Penn State, Hershey","not applicable","Peripheral blood","single cell","GCGM4_1D_L001_R1_001.fastq.gz","95eedf71b44c58237d2ec0bcc97aba2e","Human"
"142","SRP108709","SRX2887431","4_10E_L001","not applicable","Gary Clawson, Penn State, Hershey","not applicable","Peripheral blood","single cell","GCGM4_10E_L001_R1_001.fastq.gz","f7765e1fa59ecf0b13025ff434e68a86","Human"
"143","SRP108709","SRX2887375","4_2G_L001","not applicable","Gary Clawson, Penn State, Hershey","not applicable","Peripheral blood","single cell","GCGM4_2G_L001_R1_001.fastq.gz","f1dd0ade4f1e5ab976e8d4e5f05c9a0e","Human"
"144","SRP108709","SRX2887351","2_9C_L001","not applicable","Gary Clawson, Penn State, Hershey","not applicable","Peripheral blood","single cell","GCGM2_9C_L001_R1_001.fastq.gz","2d7d35ad2a0380abe1042227b256747a","Human"
"145","SRP108709","SRX2887338","4_2C_L002","not applicable","Gary Clawson, Penn State, Hershey","not applicable","Peripheral blood","single cell","GCGM4_2C_L002_R1_001.fastq.gz","406e4a377291599eec041e505a6b4d3c","Human"
"146","SRP108709","SRX2887268","4_12H_L002","not applicable","Gary Clawson, Penn State, Hershey","not applicable","Peripheral blood","single cell","GCGM4_12H_L002_R1_001.fastq.gz","7c2b4a7c53471e6fc8d00ed2c960d871","Human"
"147","SRP108709","SRX2887415","4_3G_L001","not applicable","Gary Clawson, Penn State, Hershey","not applicable","Peripheral blood","single cell","GCGM4_3G_L001_R1_001.fastq.gz","f434afa3266c245a25b9ac9c5479d884","Human"
"148","SRP108709","SRX2887319","2_7A_L001","not applicable","Gary Clawson, Penn State, Hershey","not applicable","Peripheral blood","single cell","GCGM2_7A_L001_R1_001.fastq.gz","d5084161a5dea050775cf41ab7273cc8","Human"
"149","SRP108709","SRX2887472","2_11E_L001","not applicable","Gary Clawson, Penn State, Hershey","not applicable","Peripheral blood","single cell","GCGM2_11E_L001_R1_001.fastq.gz","7d77483291067858489653a89a1a0f46","Human"
"150","SRP108709","SRX2887363","2_11A_L001","not applicable","Gary Clawson, Penn State, Hershey","not applicable","Peripheral blood","single cell","GCGM2_11A_L001_R1_001.fastq.gz","acd5bd9d59d72e6708629f73b6d437f8","Human"
"151","SRP108709","SRX2887452","4_5D_L002","not applicable","Gary Clawson, Penn State, Hershey","not applicable","Peripheral blood","single cell","GCGM4_5D_L002_R1_001.fastq.gz","3b3fc48411fc48517302b18f7d88d2af","Human"
"152","SRP108709","SRX2887327","4_7B_L001","not applicable","Gary Clawson, Penn State, Hershey","not applicable","Peripheral blood","single cell","GCGM4_7B_L001_R1_001.fastq.gz","1c1a1ba7048e7e8cb37d4d84cf9f14d7","Human"
"153","SRP108709","SRX2887520","2_4H_L001","not applicable","Gary Clawson, Penn State, Hershey","not applicable","Peripheral blood","single cell","GCGM2_4H_L001_R1_001.fastq.gz","d34827f33aed79aa65f70691d464a928","Human"
"154","SRP108709","SRX2887542","4_12F_L002","not applicable","Gary Clawson, Penn State, Hershey","not applicable","Peripheral blood","single cell","GCGM4_12F_L002_R1_001.fastq.gz","2d736be20fe1ed58c722590a9417d3c6","Human"
"155","SRP108709","SRX2887513","4_12A_L001","not applicable","Gary Clawson, Penn State, Hershey","not applicable","Peripheral blood","single cell","GCGM4_12A_L001_R1_001.fastq.gz","9403daf451c39b6a835f0a2b79859ee6","Human"
"156","SRP108709","SRX2887330","4_7D_L002","not applicable","Gary Clawson, Penn State, Hershey","not applicable","Peripheral blood","single cell","GCGM4_7D_L002_R1_001.fastq.gz","3d1c9bacb0ed51dd92e59a1c11c7958f","Human"
"157","SRP108709","SRX2887364","2_10H_L002","not applicable","Gary Clawson, Penn State, Hershey","not applicable","Peripheral blood","single cell","GCGM2_10H_L002_R1_001.fastq.gz","ad261e942b7c9129d7e041a22a029b24","Human"
"158","SRP108709","SRX2887490","4_4G_L001","not applicable","Gary Clawson, Penn State, Hershey","not applicable","Peripheral blood","single cell","GCGM4_4G_L001_R1_001.fastq.gz","72c07c2e5b891d0bc87f1f1e6c1cef76","Human"
"159","SRP108709","SRX2887438","2_1F_L002","not applicable","Gary Clawson, Penn State, Hershey","not applicable","Peripheral blood","single cell","GCGM2_1F_L002_R1_001.fastq.gz","0999d97018e9bbe16abb3e13b4a1b5c1","Human"
"160","SRP108709","SRX2887350","2_9E_L002","not applicable","Gary Clawson, Penn State, Hershey","not applicable","Peripheral blood","single cell","GCGM2_9E_L002_R1_001.fastq.gz","48580cbfbecdf503938f7d03ab86815e","Human"
"161","SRP108709","SRX2887538","4_12D_L002","not applicable","Gary Clawson, Penn State, Hershey","not applicable","Peripheral blood","single cell","GCGM4_12D_L002_R1_001.fastq.gz","7330f8f957c5a6b00800e8d6a66a0605","Human"
"162","SRP108709","SRX2887486","4_5A_L001","not applicable","Gary Clawson, Penn State, Hershey","not applicable","Peripheral blood","single cell","GCGM4_5A_L001_R1_001.fastq.gz","09cccdcdac12430f9cf0b330f5915bef","Human"
"163","SRP108709","SRX2887406","4_4B_L002","not applicable","Gary Clawson, Penn State, Hershey","not applicable","Peripheral blood","single cell","GCGM4_4B_L002_R1_001.fastq.gz","859fdc7d38fae9d65e4c8c070d1a3834","Human"
"164","SRP108709","SRX2887439","2_2G_L001","not applicable","Gary Clawson, Penn State, Hershey","not applicable","Peripheral blood","single cell","GCGM2_2G_L001_R1_001.fastq.gz","777c3207ce846a5895196ebaaf7b8e1e","Human"
"165","SRP108709","SRX2887522","4_7A_L002","not applicable","Gary Clawson, Penn State, Hershey","not applicable","Peripheral blood","single cell","GCGM4_7A_L002_R1_001.fastq.gz","1704df3c546186bb7a07be85ce0ed473","Human"
"166","SRP108709","SRX2887347","2_9G_L001","not applicable","Gary Clawson, Penn State, Hershey","not applicable","Peripheral blood","single cell","GCGM2_9G_L001_R1_001.fastq.gz","3a977c25a5f59586306330a91cecef00","Human"
"167","SRP108709","SRX2887267","4_12H_L001","not applicable","Gary Clawson, Penn State, Hershey","not applicable","Peripheral blood","single cell","GCGM4_12H_L001_R1_001.fastq.gz","15928fb1da305b5daf5e5cc6079d0f14","Human"
"168","SRP108709","SRX2887483","4_5B_L002","not applicable","Gary Clawson, Penn State, Hershey","not applicable","Peripheral blood","single cell","GCGM4_5B_L002_R1_001.fastq.gz","539280c99da7fbf0cbe71a97359d1370","Human"
"169","SRP108709","SRX2887521","4_7A_L001","not applicable","Gary Clawson, Penn State, Hershey","not applicable","Peripheral blood","single cell","GCGM4_7A_L001_R1_001.fastq.gz","cc87757b2107f8dc5d8f9a4629d7a93a","Human"
"170","SRP108709","SRX2887310","4_1G_L002","not applicable","Gary Clawson, Penn State, Hershey","not applicable","Peripheral blood","single cell","GCGM4_1G_L002_R1_001.fastq.gz","7528b5ba086bfc92dedd6bb71ed3db15","Human"
"171","SRP108709","SRX2887371","4_3A_L001","not applicable","Gary Clawson, Penn State, Hershey","not applicable","Peripheral blood","single cell","GCGM4_3A_L001_R1_001.fastq.gz","f4db3dc2961bf1e6a6b14ddf908ad120","Human"
"172","SRP108709","SRX2887492","4_4F_L001","not applicable","Gary Clawson, Penn State, Hershey","not applicable","Peripheral blood","single cell","GCGM4_4F_L001_R1_001.fastq.gz","97f9f0a0f101c70048b555831384508d","Human"
"173","SRP108709","SRX2887291","4_8A_L001","not applicable","Gary Clawson, Penn State, Hershey","not applicable","Peripheral blood","single cell","GCGM4_8A_L001_R1_001.fastq.gz","b6acd79049f729eb6778499151ba7861","Human"
"174","SRP108709","SRX2887509","4_11G_L001","not applicable","Gary Clawson, Penn State, Hershey","not applicable","Peripheral blood","single cell","GCGM4_11G_L001_R1_001.fastq.gz","0302d21e42f4166d0fe9299b76b49204","Human"
"175","SRP108709","SRX2887512","2_5A_L001","not applicable","Gary Clawson, Penn State, Hershey","not applicable","Peripheral blood","single cell","GCGM2_5A_L001_R1_001.fastq.gz","3aa7359b3b42fbb37d0a3b92ce0d1c82","Human"
"176","SRP108709","SRX2887539","4_12D_L001","not applicable","Gary Clawson, Penn State, Hershey","not applicable","Peripheral blood","single cell","GCGM4_12D_L001_R1_001.fastq.gz","747a00eccd29905b0c650a0a507c34b8","Human"
"177","SRP108709","SRX2887401","1_8D_L008","not applicable","Gary Clawson, Penn State, Hershey","not applicable","Peripheral blood","single cell","GCGM1_8D_L008_R1_001.fastq.gz","45ea4da2bd7ba1e8f35be7c06f93a638","Human"
"178","SRP108709","SRX2887302","4_6B_L001","not applicable","Gary Clawson, Penn State, Hershey","not applicable","Peripheral blood","single cell","GCGM4_6B_L001_R1_001.fastq.gz","ff15469b9f3b807557029c7acf2ad8d2","Human"
"179","SRP108709","SRX2887313","4_1F_L001","not applicable","Gary Clawson, Penn State, Hershey","not applicable","Peripheral blood","single cell","GCGM4_1F_L001_R1_001.fastq.gz","4635b9da9a84b31fb1c45a61cee302d4","Human"
"180","SRP108709","SRX2887451","4_5D_L001","not applicable","Gary Clawson, Penn State, Hershey","not applicable","Peripheral blood","single cell","GCGM4_5D_L001_R1_001.fastq.gz","3fa9996d294b146a19516ea389f6c915","Human"
"181","SRP108709","SRX2887462","4_11B_L001","not applicable","Gary Clawson, Penn State, Hershey","not applicable","Peripheral blood","single cell","GCGM4_11B_L001_R1_001.fastq.gz","589ae1b772114e872cf861741776e3a2","Human"
"182","SRP108709","SRX2887496","4_9H_L002","not applicable","Gary Clawson, Penn State, Hershey","not applicable","Peripheral blood","single cell","GCGM4_9H_L002_R1_001.fastq.gz","10f01c9cd10c2fd20621fd459477621b","Human"
"183","SRP108709","SRX2887410","4_4A_L002","not applicable","Gary Clawson, Penn State, Hershey","not applicable","Peripheral blood","single cell","GCGM4_4A_L002_R1_001.fastq.gz","bdac0737a232e38e410cf894f1f0d447","Human"
"184","SRP108709","SRX2887411","4_8D_L001","not applicable","Gary Clawson, Penn State, Hershey","not applicable","Peripheral blood","single cell","GCGM4_8D_L001_R1_001.fastq.gz","7f0c45dce84b39e65241352801915e5e","Human"
"185","SRP108709","SRX2887376","4_2H_L002","not applicable","Gary Clawson, Penn State, Hershey","not applicable","Peripheral blood","single cell","GCGM4_2H_L002_R1_001.fastq.gz","e587cb82dbfadd374f3e6241ed9c143a","Human"
"186","SRP108709","SRX2887366","2_12H_L002","not applicable","Gary Clawson, Penn State, Hershey","not applicable","Peripheral blood","single cell","GCGM2_12H_L002_R1_001.fastq.gz","224dc66c9c624808522107c93b2afd1b","Human"
"187","SRP108709","SRX2887369","2_3B_L002","not applicable","Gary Clawson, Penn State, Hershey","not applicable","Peripheral blood","single cell","GCGM2_3B_L002_R1_001.fastq.gz","ff38c8917565c0dcdc4dedc006b92bc1","Human"
"188","SRP108709","SRX2887278","2_9A_L001","not applicable","Gary Clawson, Penn State, Hershey","not applicable","Peripheral blood","single cell","GCGM2_9A_L001_R1_001.fastq.gz","387c009c7fecb060ec96b25fa484beda","Human"
"189","SRP108709","SRX2887524","4_6F_L001","not applicable","Gary Clawson, Penn State, Hershey","not applicable","Peripheral blood","single cell","GCGM4_6F_L001_R1_001.fastq.gz","78aedc2934834d1f5cf6adef4b2a5bb1","Human"
"190","SRP108709","SRX2887476","2_1A_L001","not applicable","Gary Clawson, Penn State, Hershey","not applicable","Peripheral blood","single cell","GCGM2_1A_L001_R1_001.fastq.gz","08fb675bb7f6b1aecd32499c5b070e66","Human"
"191","SRP108709","SRX2887442","2_2G_L002","not applicable","Gary Clawson, Penn State, Hershey","not applicable","Peripheral blood","single cell","GCGM2_2G_L002_R1_001.fastq.gz","7aa081fc1d2e6948cbf72b1ec735f3e2","Human"
"192","SRP108709","SRX2887337","4_2C_L001","not applicable","Gary Clawson, Penn State, Hershey","not applicable","Peripheral blood","single cell","GCGM4_2C_L001_R1_001.fastq.gz","c88e8ef0651955404b7f2b3c168c7542","Human"
"193","SRP108709","SRX2887282","1_2D_L008","not applicable","Gary Clawson, Penn State, Hershey","not applicable","Peripheral blood","single cell","GCGM1_2D_L008_R1_001.fastq.gz","74235a81825b2bcf1ebe14ad4c32a383","Human"
"194","SRP108709","SRX2887535","4_12B_L001","not applicable","Gary Clawson, Penn State, Hershey","not applicable","Peripheral blood","single cell","GCGM4_12B_L001_R1_001.fastq.gz","c59b57a99b7ab64a1a5fc662a8791d51","Human"
"195","SRP108709","SRX2887460","4_11C_L001","not applicable","Gary Clawson, Penn State, Hershey","not applicable","Peripheral blood","single cell","GCGM4_11C_L001_R1_001.fastq.gz","67c060302cef85f3a3c3109bfd66834e","Human"
"196","SRP108709","SRX2887454","4_5E_L002","not applicable","Gary Clawson, Penn State, Hershey","not applicable","Peripheral blood","single cell","GCGM4_5E_L002_R1_001.fastq.gz","6011a4cb58c94169f117f4ae59eda2f4","Human"
"197","SRP108709","SRX2887304","4_1H_L001","not applicable","Gary Clawson, Penn State, Hershey","not applicable","Peripheral blood","single cell","GCGM4_1H_L001_R1_001.fastq.gz","b0d7e7b2a23474eaf9f9c2df06b7015f","Human"
"198","SRP108709","SRX2887543","4_12F_L001","not applicable","Gary Clawson, Penn State, Hershey","not applicable","Peripheral blood","single cell","GCGM4_12F_L001_R1_001.fastq.gz","bb9f396f2e5cf3d421003ba5e976861c","Human"
"199","SRP108709","SRX2887519","2_10B_L002","not applicable","Gary Clawson, Penn State, Hershey","not applicable","Peripheral blood","single cell","GCGM2_10B_L002_R1_001.fastq.gz","9586b2fb215e1193453e85906452699d","Human"
"200","SRP108709","SRX2887480","4_9C_L001","not applicable","Gary Clawson, Penn State, Hershey","not applicable","Peripheral blood","single cell","GCGM4_9C_L001_R1_001.fastq.gz","83253cbc2dac9277871f38bb2dce8a07","Human"
"201","SRP108709","SRX2887489","4_4G_L002","not applicable","Gary Clawson, Penn State, Hershey","not applicable","Peripheral blood","single cell","GCGM4_4G_L002_R1_001.fastq.gz","3e67ce4f8481d21d635b7b0d1f3cb6d8","Human"
"202","SRP108709","SRX2887394","3_7A_L008","not applicable","Gary Clawson, Penn State, Hershey","not applicable","Peripheral blood","single cell","GCGM3_7A_L008_R1_001.fastq.gz","6346b397337470b878f3301f933ee8fa","Human"
"203","SRP108709","SRX2887248","1_4C_L008","not applicable","Gary Clawson, Penn State, Hershey","not applicable","Peripheral blood","single cell","GCGM1_4C_L008_R1_001.fastq.gz","6e80c80b3e646fe97a7e88cd2deddc63","Human"
"204","SRP108709","SRX2887340","4_2B_L002","not applicable","Gary Clawson, Penn State, Hershey","not applicable","Peripheral blood","single cell","GCGM4_2B_L002_R1_001.fastq.gz","c92599d99741e0e85b71536ba670b87d","Human"
"205","SRP108709","SRX2887526","4_6E_L001","not applicable","Gary Clawson, Penn State, Hershey","not applicable","Peripheral blood","single cell","GCGM4_6E_L001_R1_001.fastq.gz","d5ea595a16d7a47b1ac2c7de521a9782","Human"
"206","SRP108709","SRX2887320","2_5H_L001","not applicable","Gary Clawson, Penn State, Hershey","not applicable","Peripheral blood","single cell","GCGM2_5H_L001_R1_001.fastq.gz","1e681056cc3874f2c4a58b4cb7e3a3cc","Human"
"207","SRP108709","SRX2887443","2_3B_L001","not applicable","Gary Clawson, Penn State, Hershey","not applicable","Peripheral blood","single cell","GCGM2_3B_L001_R1_001.fastq.gz","3471d8a65ee97f3e75aa6669e62eb645","Human"
"208","SRP108709","SRX2887474","2_1A_L008","not applicable","Gary Clawson, Penn State, Hershey","not applicable","Peripheral blood","single cell","GCGM2_1A_L008_R1_001.fastq.gz","86ed85ba7d72613d915c6956d7a4f863","Human"
"209","SRP108709","SRX2887540","4_12E_L002","not applicable","Gary Clawson, Penn State, Hershey","not applicable","Peripheral blood","single cell","GCGM4_12E_L002_R1_001.fastq.gz","466392a3f894a5e041a668a89908c21a","Human"
"210","SRP108709","SRX2887317","2_7C_L001","not applicable","Gary Clawson, Penn State, Hershey","not applicable","Peripheral blood","single cell","GCGM2_7C_L001_R1_001.fastq.gz","eaeb28963dd87581edfc91bc8c36f0ab","Human"
"211","SRP108709","SRX2887503","4_11F_L001","not applicable","Gary Clawson, Penn State, Hershey","not applicable","Peripheral blood","single cell","GCGM4_11F_L001_R1_001.fastq.gz","339c69dafdb79320f6befc1a2f7aa5af","Human"
"212","SRP108709","SRX2887270","2_8F_L001","not applicable","Gary Clawson, Penn State, Hershey","not applicable","Peripheral blood","single cell","GCGM2_8F_L001_R1_001.fastq.gz","8a0ebf737cb3baea8bab4062324f9bd5","Human"
"213","SRP108709","SRX2887255","1_1C_L008","not applicable","Gary Clawson, Penn State, Hershey","not applicable","Peripheral blood","single cell","GCGM1_1C_L008_R1_001.fastq.gz","38faa43244c608ae15a54bce4d4e1bc0","Human"
"214","SRP108709","SRX2887457","4_5G_L001","not applicable","Gary Clawson, Penn State, Hershey","not applicable","Peripheral blood","single cell","GCGM4_5G_L001_R1_001.fastq.gz","31f650bcc31d0d1a729bac126fddc5f2","Human"
"215","SRP108709","SRX2887488","4_4H_L001","not applicable","Gary Clawson, Penn State, Hershey","not applicable","Peripheral blood","single cell","GCGM4_4H_L001_R1_001.fastq.gz","8621ba7307d85058d28f133c62795770","Human"
"216","SRP108709","SRX2887274","2_8B_L002","not applicable","Gary Clawson, Penn State, Hershey","not applicable","Peripheral blood","single cell","GCGM2_8B_L002_R1_001.fastq.gz","0ebdff884364feec6c3c3da5268a236a","Human"
"217","SRP108709","SRX2887299","4_6B_L002","not applicable","Gary Clawson, Penn State, Hershey","not applicable","Peripheral blood","single cell","GCGM4_6B_L002_R1_001.fastq.gz","1c021cfe027018b9710a35c5b3281ee8","Human"
"218","SRP108709","SRX2887329","4_7E_L001","not applicable","Gary Clawson, Penn State, Hershey","not applicable","Peripheral blood","single cell","GCGM4_7E_L001_R1_001.fastq.gz","b2b7d129605b4eca6813c0cddd39e116","Human"
"219","SRP108709","SRX2887276","2_8D_L002","not applicable","Gary Clawson, Penn State, Hershey","not applicable","Peripheral blood","single cell","GCGM2_8D_L002_R1_001.fastq.gz","5cf2b1bdefbe4be77309ea1e21f24e27","Human"
"220","SRP108709","SRX2887348","2_9G_L002","not applicable","Gary Clawson, Penn State, Hershey","not applicable","Peripheral blood","single cell","GCGM2_9G_L002_R1_001.fastq.gz","1a84e832c9b35e547be5a09890ae01a8","Human"
"221","SRP108709","SRX2887414","4_3G_L002","not applicable","Gary Clawson, Penn State, Hershey","not applicable","Peripheral blood","single cell","GCGM4_3G_L002_R1_001.fastq.gz","c3267d5a13a16788f5eb5bf8ccc2734e","Human"
"222","SRP108709","SRX2887368","2_1A_L002","not applicable","Gary Clawson, Penn State, Hershey","not applicable","Peripheral blood","single cell","GCGM2_1A_L002_R1_001.fastq.gz","0ff0f7921cfd209ffc2230f497e0406b","Human"
"223","SRP108709","SRX2887456","4_5F_L002","not applicable","Gary Clawson, Penn State, Hershey","not applicable","Peripheral blood","single cell","GCGM4_5F_L002_R1_001.fastq.gz","05741a4a0b719b753c3ed149784f0a46","Human"
"224","SRP108709","SRX2887463","4_11A_L002","not applicable","Gary Clawson, Penn State, Hershey","not applicable","Peripheral blood","single cell","GCGM4_11A_L002_R1_001.fastq.gz","dc9c739708f4abd5c0f3b099ccc56caf","Human"
"225","SRP108709","SRX2887293","4_8B_L001","not applicable","Gary Clawson, Penn State, Hershey","not applicable","Peripheral blood","single cell","GCGM4_8B_L001_R1_001.fastq.gz","491e363f5b6088b7616dd14d4bc6d281","Human"
"226","SRP108709","SRX2887383","4_10B_L002","not applicable","Gary Clawson, Penn State, Hershey","not applicable","Peripheral blood","single cell","GCGM4_10B_L002_R1_001.fastq.gz","2b71d2fc6d953bd6276beab0c6acfd8e","Human"
"227","SRP108709","SRX2887517","2_4C_L002","not applicable","Gary Clawson, Penn State, Hershey","not applicable","Peripheral blood","single cell","GCGM2_4C_L002_R1_001.fastq.gz","a25345211820060c95d9af2aa7762e4d","Human"
"228","SRP108709","SRX2887294","4_8B_L002","not applicable","Gary Clawson, Penn State, Hershey","not applicable","Peripheral blood","single cell","GCGM4_8B_L002_R1_001.fastq.gz","99e1e7273b5d4dfdd817ab0cfbc9843b","Human"
"229","SRP108709","SRX2887269","2_8F_L002","not applicable","Gary Clawson, Penn State, Hershey","not applicable","Peripheral blood","single cell","GCGM2_8F_L002_R1_001.fastq.gz","17d5d7827faee58998c3e172322d8645","Human"
"230","SRP108709","SRX2887534","4_12B_L002","not applicable","Gary Clawson, Penn State, Hershey","not applicable","Peripheral blood","single cell","GCGM4_12B_L002_R1_001.fastq.gz","eb77dd1589ec35276fafec17e6bb4d9e","Human"
"231","SRP108709","SRX2887545","2_3D_L001","not applicable","Gary Clawson, Penn State, Hershey","not applicable","Peripheral blood","single cell","GCGM2_3D_L001_R1_001.fastq.gz","3cc73a808ae6c27534e2f13e47ea5d24","Human"
"232","SRP108709","SRX2887286","1_6D_L008","not applicable","Gary Clawson, Penn State, Hershey","not applicable","Peripheral blood","single cell","GCGM1_6D_L008_R1_001.fastq.gz","2bfd3ec71b10a01c5c89c4f4190d330d","Human"
"233","SRP108709","SRX2887482","4_9C_L002","not applicable","Gary Clawson, Penn State, Hershey","not applicable","Peripheral blood","single cell","GCGM4_9C_L002_R1_001.fastq.gz","672125b29c7affe375219cb30d5ae219","Human"
"234","SRP108709","SRX2887498","4_9A_L002","not applicable","Gary Clawson, Penn State, Hershey","not applicable","Peripheral blood","single cell","GCGM4_9A_L002_R1_001.fastq.gz","60ea780b586a893ed6f2a198b7fba84e","Human"
"235","SRP108709","SRX2887298","4_7H_L002","not applicable","Gary Clawson, Penn State, Hershey","not applicable","Peripheral blood","single cell","GCGM4_7H_L002_R1_001.fastq.gz","e2db3a050c349c20dfb7267eb7fd359f","Human"
"236","SRP108709","SRX2887374","4_2G_L002","not applicable","Gary Clawson, Penn State, Hershey","not applicable","Peripheral blood","single cell","GCGM4_2G_L002_R1_001.fastq.gz","ae166b15d552570ccbf9bee0a71b9bfc","Human"
"237","SRP108709","SRX2887390","4_10A_L001","not applicable","Gary Clawson, Penn State, Hershey","not applicable","Peripheral blood","single cell","GCGM4_10A_L001_R1_001.fastq.gz","bdd231820de6f46e0753ff49f44c6f3b","Human"
"238","SRP108709","SRX2887447","2_4A_L002","not applicable","Gary Clawson, Penn State, Hershey","not applicable","Peripheral blood","single cell","GCGM2_4A_L002_R1_001.fastq.gz","dd55d6c27efddd1af57d1ea1db4c1c65","Human"
"239","SRP108709","SRX2887423","4_10G_L001","not applicable","Gary Clawson, Penn State, Hershey","not applicable","Peripheral blood","single cell","GCGM4_10G_L001_R1_001.fastq.gz","378adb44b18a216a21eb3783388213ab","Human"
"240","SRP108709","SRX2887499","4_9F_L001","not applicable","Gary Clawson, Penn State, Hershey","not applicable","Peripheral blood","single cell","GCGM4_9F_L001_R1_001.fastq.gz","600e9e119ad343aa9c15dc4e6206ebc1","Human"
"241","SRP108709","SRX2887290","1_5C_L008","not applicable","Gary Clawson, Penn State, Hershey","not applicable","Peripheral blood","single cell","GCGM1_5C_L008_R1_001.fastq.gz","44bbe12f3c44adefcfb161925cd47ccb","Human"
"242","SRP108709","SRX2887507","4_11H_L001","not applicable","Gary Clawson, Penn State, Hershey","not applicable","Peripheral blood","single cell","GCGM4_11H_L001_R1_001.fastq.gz","e4bda1d07dbb761c42f28ae8d8535d6b","Human"
"243","SRP108709","SRX2887412","4_3F_L002","not applicable","Gary Clawson, Penn State, Hershey","not applicable","Peripheral blood","single cell","GCGM4_3F_L002_R1_001.fastq.gz","ae8157679826fd9304c4cfbc9e4db7f5","Human"
"244","SRP108709","SRX2887469","4_11D_L001","not applicable","Gary Clawson, Penn State, Hershey","not applicable","Peripheral blood","single cell","GCGM4_11D_L001_R1_001.fastq.gz","5e1fd099f7106d575108c0c8ca82c934","Human"
"245","SRP108709","SRX2887314","2_7C_L002","not applicable","Gary Clawson, Penn State, Hershey","not applicable","Peripheral blood","single cell","GCGM2_7C_L002_R1_001.fastq.gz","eed00ae144bbbc5fecbff8c60917c1c8","Human"
"246","SRP108709","SRX2887419","4_3E_L001","not applicable","Gary Clawson, Penn State, Hershey","not applicable","Peripheral blood","single cell","GCGM4_3E_L001_R1_001.fastq.gz","f054ee97d1c1f67298ef1ad5b41a0099","Human"
"247","SRP108709","SRX2887465","4_10H_L002","not applicable","Gary Clawson, Penn State, Hershey","not applicable","Peripheral blood","single cell","GCGM4_10H_L002_R1_001.fastq.gz","5de9b2cb2844838da8b5a69bd9981c4f","Human"
"248","SRP108709","SRX2887323","2_8B_L001","not applicable","Gary Clawson, Penn State, Hershey","not applicable","Peripheral blood","single cell","GCGM2_8B_L001_R1_001.fastq.gz","192c09dc1ba67b8abfcd8a9ceb8e00b1","Human"
"249","SRP108709","SRX2887416","4_3D_L002","not applicable","Gary Clawson, Penn State, Hershey","not applicable","Peripheral blood","single cell","GCGM4_3D_L002_R1_001.fastq.gz","fd73aa781b15d815749a0fe14371703b","Human"
"250","SRP108709","SRX2887403","4_4B_L001","not applicable","Gary Clawson, Penn State, Hershey","not applicable","Peripheral blood","single cell","GCGM4_4B_L001_R1_001.fastq.gz","50e41dc1b6967179e163d4a12b7034ce","Human"
"251","SRP108709","SRX2887367","4_6C_L001","not applicable","Gary Clawson, Penn State, Hershey","not applicable","Peripheral blood","single cell","GCGM4_6C_L001_R1_001.fastq.gz","3ee1481f0ada894f397956192d6b9ad9","Human"
"252","SRP108709","SRX2887349","2_9E_L001","not applicable","Gary Clawson, Penn State, Hershey","not applicable","Peripheral blood","single cell","GCGM2_9E_L001_R1_001.fastq.gz","43c909b0458cec685220e2980f80565f","Human"
"253","SRP108709","SRX2887275","2_8D_L008","not applicable","Gary Clawson, Penn State, Hershey","not applicable","Peripheral blood","single cell","GCGM2_8D_L008_R1_001.fastq.gz","1ad67f246154ebbcc4c80186bf5e4a06","Human"
"254","SRP108709","SRX2887370","4_3A_L002","not applicable","Gary Clawson, Penn State, Hershey","not applicable","Peripheral blood","single cell","GCGM4_3A_L002_R1_001.fastq.gz","cf4a6faf22c9681b09b595ee15819b84","Human"
"255","SRP108709","SRX2887529","4_6H_L002","not applicable","Gary Clawson, Penn State, Hershey","not applicable","Peripheral blood","single cell","GCGM4_6H_L002_R1_001.fastq.gz","02cb68d4b4b53dcb7beff03e62db2e1b","Human"
"256","SRP108709","SRX2887398","4_4C_L002","not applicable","Gary Clawson, Penn State, Hershey","not applicable","Peripheral blood","single cell","GCGM4_4C_L002_R1_001.fastq.gz","41012d6c3cd45118124ed0cd6d15f42f","Human"
"257","SRP108709","SRX2887396","2_10A_L002","not applicable","Gary Clawson, Penn State, Hershey","not applicable","Peripheral blood","single cell","GCGM2_10A_L002_R1_001.fastq.gz","c0229ba60db2437abb5544c3515a2819","Human"
"258","SRP108709","SRX2887435","2_1F_L001","not applicable","Gary Clawson, Penn State, Hershey","not applicable","Peripheral blood","single cell","GCGM2_1F_L001_R1_001.fastq.gz","49fad3cbc92be1afb7d86d1029e8493d","Human"
"259","SRP108709","SRX2887303","4_1H_L002","not applicable","Gary Clawson, Penn State, Hershey","not applicable","Peripheral blood","single cell","GCGM4_1H_L002_R1_001.fastq.gz","8c3a785dc46d2231a973898ac82f46e5","Human"
"260","SRP108709","SRX2887362","2_11A_L002","not applicable","Gary Clawson, Penn State, Hershey","not applicable","Peripheral blood","single cell","GCGM2_11A_L002_R1_001.fastq.gz","77d8ac734a1cbe07a5c41eb4d2b6e5de","Human"
"261","SRP108709","SRX2887433","4_10F_L001","not applicable","Gary Clawson, Penn State, Hershey","not applicable","Peripheral blood","single cell","GCGM4_10F_L001_R1_001.fastq.gz","50d449caa9b6f2500cb7fd53c3b2e462","Human"
"262","SRP108709","SRX2887256","4_6C_L002","not applicable","Gary Clawson, Penn State, Hershey","not applicable","Peripheral blood","single cell","GCGM4_6C_L002_R1_001.fastq.gz","2132c1d393365b88dc682edc1f7cb870","Human"
"263","SRP108709","SRX2887421","4_3H_L002","not applicable","Gary Clawson, Penn State, Hershey","not applicable","Peripheral blood","single cell","GCGM4_3H_L002_R1_001.fastq.gz","74f68191337638cdad0aabfe65af1da5","Human"
"264","SRP108709","SRX2887425","4_8H_L002","not applicable","Gary Clawson, Penn State, Hershey","not applicable","Peripheral blood","single cell","GCGM4_8H_L002_R1_001.fastq.gz","a93cf9a6b3d547fafc08cbd9713f5915","Human"
"265","SRP108709","SRX2887420","4_8E_L001","not applicable","Gary Clawson, Penn State, Hershey","not applicable","Peripheral blood","single cell","GCGM4_8E_L001_R1_001.fastq.gz","a0770115fe3260d7ca96814674347530","Human"
"266","SRP108709","SRX2887361","2_10D_L001","not applicable","Gary Clawson, Penn State, Hershey","not applicable","Peripheral blood","single cell","GCGM2_10D_L001_R1_001.fastq.gz","91d87cdf3c0fd15952cea5c25aec13fa","Human"
"267","SRP108709","SRX2887305","1_2C_L008","not applicable","Gary Clawson, Penn State, Hershey","not applicable","Peripheral blood","single cell","GCGM1_2C_L008_R1_001.fastq.gz","5d2cf6dd96ba840e75ff60c6c438697b","Human"
"268","SRP108709","SRX2887484","4_5B_L001","not applicable","Gary Clawson, Penn State, Hershey","not applicable","Peripheral blood","single cell","GCGM4_5B_L001_R1_001.fastq.gz","ececd0e4f28922c6df174dcb3e3dc2f0","Human"
"269","SRP108709","SRX2887541","4_12E_L001","not applicable","Gary Clawson, Penn State, Hershey","not applicable","Peripheral blood","single cell","GCGM4_12E_L001_R1_001.fastq.gz","2a7d8481bc9775d25680bf3dd0f51739","Human"
"270","SRP108709","SRX2887360","2_10D_L002","not applicable","Gary Clawson, Penn State, Hershey","not applicable","Peripheral blood","single cell","GCGM2_10D_L002_R1_001.fastq.gz","8feccacaf49a9269939c7bb6fb3e8918","Human"
"271","SRP108709","SRX2887257","1_1EF_L008","not applicable","Gary Clawson, Penn State, Hershey","not applicable","Peripheral blood","single cell","GCGM1_1EF_L008_R1_001.fastq.gz","07116631e3eabbf876ff3ae39c4b195c","Human"
"272","SRP108709","SRX2887336","4_2D_L002","not applicable","Gary Clawson, Penn State, Hershey","not applicable","Peripheral blood","single cell","GCGM4_2D_L002_R1_001.fastq.gz","1e61c2c102af11e5cef9ddefaeee3738","Human"
"273","SRP108709","SRX2887395","2_10A_L001","not applicable","Gary Clawson, Penn State, Hershey","not applicable","Peripheral blood","single cell","GCGM2_10A_L001_R1_001.fastq.gz","a06a49856dc4c49479bcc3d82e6048a0","Human"
"274","SRP108709","SRX2887263","4_1B_L001","not applicable","Gary Clawson, Penn State, Hershey","not applicable","Peripheral blood","single cell","GCGM4_1B_L001_R1_001.fastq.gz","1b4db1e330eb8dc516ec0322b1cd153b","Human"
"275","SRP108709","SRX2887385","4_9E_L001","not applicable","Gary Clawson, Penn State, Hershey","not applicable","Peripheral blood","single cell","GCGM4_9E_L001_R1_001.fastq.gz","d4b07e80fcde3e951a61f00a64f855be","Human"
"276","SRP108709","SRX2887508","4_11H_L002","not applicable","Gary Clawson, Penn State, Hershey","not applicable","Peripheral blood","single cell","GCGM4_11H_L002_R1_001.fastq.gz","856a393dcf5e26a8d4a0db3ad7d48833","Human"
"277","SRP108709","SRX2887285","1_6EF_L008","not applicable","Gary Clawson, Penn State, Hershey","not applicable","Peripheral blood","single cell","GCGM1_6EF_L008_R1_001.fastq.gz","7bc05b43d1953ca32dce415edcbc03c3","Human"
"278","SRP108709","SRX2887279","1_2EF_L008","not applicable","Gary Clawson, Penn State, Hershey","not applicable","Peripheral blood","single cell","GCGM1_2EF_L008_R1_001.fastq.gz","d9a02333d117878af196ad206a8ff7d2","Human"
"279","SRP108709","SRX2887345","3_1D_L008","not applicable","Gary Clawson, Penn State, Hershey","not applicable","Peripheral blood","single cell","GCGM3_1D_L008_R1_001.fastq.gz","4c558386492346ce80c5434f5fa140d0","Human"
"280","SRP108709","SRX2887409","4_8D_L002","not applicable","Gary Clawson, Penn State, Hershey","not applicable","Peripheral blood","single cell","GCGM4_8D_L002_R1_001.fastq.gz","245d094af445d553dacb35bc8166ea46","Human"
"281","SRP108709","SRX2887504","4_11F_L002","not applicable","Gary Clawson, Penn State, Hershey","not applicable","Peripheral blood","single cell","GCGM4_11F_L002_R1_001.fastq.gz","87013efce2cf3cf43ae5323916132a9f","Human"
"282","SRP108709","SRX2887475","2_1B_L001","not applicable","Gary Clawson, Penn State, Hershey","not applicable","Peripheral blood","single cell","GCGM2_1B_L001_R1_001.fastq.gz","d7746e7d956f6cdfdf243b589b7adc21","Human"
"283","SRP108709","SRX2887316","2_7A_L002","not applicable","Gary Clawson, Penn State, Hershey","not applicable","Peripheral blood","single cell","GCGM2_7A_L002_R1_001.fastq.gz","0393276685b2d2d9c761bd47974a7121","Human"
"284","SRP108709","SRX2887468","4_11D_L002","not applicable","Gary Clawson, Penn State, Hershey","not applicable","Peripheral blood","single cell","GCGM4_11D_L002_R1_001.fastq.gz","fec989dc75036b5d9c4f78e47af750d5","Human"
"285","SRP108709","SRX2887377","4_2H_L001","not applicable","Gary Clawson, Penn State, Hershey","not applicable","Peripheral blood","single cell","GCGM4_2H_L001_R1_001.fastq.gz","38b4496108cd8f5d69f26902fb3c0b1f","Human"
"286","SRP108709","SRX2887288","1_4D_L008","not applicable","Gary Clawson, Penn State, Hershey","not applicable","Peripheral blood","single cell","GCGM1_4D_L008_R1_001.fastq.gz","03c8d265bdae08dc60a53a4bc49b4d56","Human"
"287","SRP108709","SRX2887544","2_3C_L002","not applicable","Gary Clawson, Penn State, Hershey","not applicable","Peripheral blood","single cell","GCGM2_3C_L002_R1_001.fastq.gz","45d16269ef4f2e79e12f85110ce41bc1","Human"
"288","SRP108709","SRX2887532","4_8F_L002","not applicable","Gary Clawson, Penn State, Hershey","not applicable","Peripheral blood","single cell","GCGM4_8F_L002_R1_001.fastq.gz","1807c648126c39b2415fb052e9fb0582","Human"
"289","SRP108709","SRX2887500","4_9F_L002","not applicable","Gary Clawson, Penn State, Hershey","not applicable","Peripheral blood","single cell","GCGM4_9F_L002_R1_001.fastq.gz","0a62e9dcb4f8c61854d28689f9cf5b04","Human"
"290","SRP108709","SRX2887386","4_4D_L002","not applicable","Gary Clawson, Penn State, Hershey","not applicable","Peripheral blood","single cell","GCGM4_4D_L002_R1_001.fastq.gz","5902518ce07efb83ab99313ec3457b3b","Human"
"291","SRP108709","SRX2887297","4_7H_L001","not applicable","Gary Clawson, Penn State, Hershey","not applicable","Peripheral blood","single cell","GCGM4_7H_L001_R1_001.fastq.gz","07a1995cce1c35de36b2a9542f75588e","Human"
"292","SRP108709","SRX2887429","4_10D_L001","not applicable","Gary Clawson, Penn State, Hershey","not applicable","Peripheral blood","single cell","GCGM4_10D_L001_R1_001.fastq.gz","72c40adcddf723ca67c10cb131149186","Human"
"293","SRP108709","SRX2887343","4_2E_L001","not applicable","Gary Clawson, Penn State, Hershey","not applicable","Peripheral blood","single cell","GCGM4_2E_L001_R1_001.fastq.gz","0b1b3a2ae7a32dc25fdd4a62e71c05d6","Human"
"294","SRP108709","SRX2887548","2_3G_L001","not applicable","Gary Clawson, Penn State, Hershey","not applicable","Peripheral blood","single cell","GCGM2_3G_L001_R1_001.fastq.gz","b83a582ee5bb6b71f88dd0fc2eff40cb","Human"
"295","SRP108709","SRX2887399","1_7EF_L008","not applicable","Gary Clawson, Penn State, Hershey","not applicable","Peripheral blood","single cell","GCGM1_7EF_L008_R1_001.fastq.gz","fca55e3fc665a4518ea8a6c853d065e4","Human"
"296","SRP108709","SRX2887402","1_8EF_L008","not applicable","Gary Clawson, Penn State, Hershey","not applicable","Peripheral blood","single cell","GCGM1_8EF_L008_R1_001.fastq.gz","52b977e65429cf072ee162296423c85f","Human"
"297","SRP108709","SRX2887365","2_10H_L001","not applicable","Gary Clawson, Penn State, Hershey","not applicable","Peripheral blood","single cell","GCGM2_10H_L001_R1_001.fastq.gz","3d1f9a795f784d11cde95506b92dee9d","Human"
"298","SRP108709","SRX2887477","4_9D_L002","not applicable","Gary Clawson, Penn State, Hershey","not applicable","Peripheral blood","single cell","GCGM4_9D_L002_R1_001.fastq.gz","4035ee4b3430cfc4e9b379dda4097547","Human"
"299","SRP108709","SRX2887478","2_1B_L002","not applicable","Gary Clawson, Penn State, Hershey","not applicable","Peripheral blood","single cell","GCGM2_1B_L002_R1_001.fastq.gz","25fd10ad8ad479fe201d4cd153661f9b","Human"
"300","SRP108709","SRX2887307","4_1E_L001","not applicable","Gary Clawson, Penn State, Hershey","not applicable","Peripheral blood","single cell","GCGM4_1E_L001_R1_001.fastq.gz","a40358eec5a73d2ebfd9df9887c43c28","Human"
"301","SRP108709","SRX2887344","4_2E_L002","not applicable","Gary Clawson, Penn State, Hershey","not applicable","Peripheral blood","single cell","GCGM4_2E_L002_R1_001.fastq.gz","820d96c5709adfca3990be76f9fefe91","Human"
"302","SRP108709","SRX2887346","3_2C_L008","not applicable","Gary Clawson, Penn State, Hershey","not applicable","Peripheral blood","single cell","GCGM3_2C_L008_R1_001.fastq.gz","3449dd53e18eaa02ce92997d65ff4390","Human"
"303","SRP108709","SRX2887249","1_3EF_L008","not applicable","Gary Clawson, Penn State, Hershey","not applicable","Peripheral blood","single cell","GCGM1_3EF_L008_R1_001.fastq.gz","a4be97e541f0d3ea800df825b3d1e746","Human"
"304","SRP108709","SRX2887378","4_3C_L002","not applicable","Gary Clawson, Penn State, Hershey","not applicable","Peripheral blood","single cell","GCGM4_3C_L002_R1_001.fastq.gz","3a69c1ceb76cec6104ec13ca4ec46fc9","Human"
"305","SRP108709","SRX2887444","2_3A_L002","not applicable","Gary Clawson, Penn State, Hershey","not applicable","Peripheral blood","single cell","GCGM2_3A_L002_R1_001.fastq.gz","29c826e6c03960e9ea526104402e0c57","Human"
"306","SRP108709","SRX2887518","2_4C_L001","not applicable","Gary Clawson, Penn State, Hershey","not applicable","Peripheral blood","single cell","GCGM2_4C_L001_R1_001.fastq.gz","cbff24b9c98d826941fc5825833d3590","Human"
"307","SRP108709","SRX2887251","4_5H_L001","not applicable","Gary Clawson, Penn State, Hershey","not applicable","Peripheral blood","single cell","GCGM4_5H_L001_R1_001.fastq.gz","66690c34636648af5449ea97168d5df5","Human"
"308","SRP108709","SRX2887515","2_4H-2_L002","not applicable","Gary Clawson, Penn State, Hershey","not applicable","Peripheral blood","single cell","GCGM2_4H-2_L002_R1_001.fastq.gz","0719267116ab2fe5e60e82bfd94cc833","Human"
