"","study.accession","experiment.accession","source_name","cell.line","cell.type","drug","concentration"
"1","SRP107198","SRX2831615","LU-99A NSCLC cell line","LU-99A","Non-Small Cell Lung Cancer (NSCLC)","pimasertib + SAR405840","10 nM"
"2","SRP107198","SRX2831589","NCI-H358 NSCLC cell line","NCI-H358","Non-Small Cell Lung Cancer (NSCLC)","pimasertib","10 nM"
"3","SRP107198","SRX2831607","NCI-H358 NSCLC cell line","NCI-H358","Non-Small Cell Lung Cancer (NSCLC)","DMSO vehicle","0.01%"
"4","SRP107198","SRX2831526","DV-90 NSCLC cell line","DV-90","Non-Small Cell Lung Cancer (NSCLC)","pimasertib","100 nM"
"5","SRP107198","SRX2831567","NCI-H1944 NSCLC cell line","NCI-H1944","Non-Small Cell Lung Cancer (NSCLC)","SAR405838","10 nM"
"6","SRP107198","SRX2831510","A427 NSCLC cell line","A427","Non-Small Cell Lung Cancer (NSCLC)","DMSO vehicle","0.01%"
"7","SRP107198","SRX2831566","NCI-H1944 NSCLC cell line","NCI-H1944","Non-Small Cell Lung Cancer (NSCLC)","SAR405838","10 nM"
"8","SRP107198","SRX2831582","NCI-H358 NSCLC cell line","NCI-H358","Non-Small Cell Lung Cancer (NSCLC)","pimasertib + SAR405840","10 nM"
"9","SRP107198","SRX2831516","DV-90 NSCLC cell line","DV-90","Non-Small Cell Lung Cancer (NSCLC)","pimasertib + SAR405840","10 nM"
"10","SRP107198","SRX2831636","LU-99A NSCLC cell line","LU-99A","Non-Small Cell Lung Cancer (NSCLC)","SAR405838","100 nM"
"11","SRP107198","SRX2831587","NCI-H358 NSCLC cell line","NCI-H358","Non-Small Cell Lung Cancer (NSCLC)","pimasertib + SAR405845","1000 nM"
"12","SRP107198","SRX2831662","SW1573 NSCLC cell line","SW1573","Non-Small Cell Lung Cancer (NSCLC)","pimasertib","1000 nM"
"13","SRP107198","SRX2831554","NCI-H1944 NSCLC cell line","NCI-H1944","Non-Small Cell Lung Cancer (NSCLC)","pimasertib + SAR405845","1000 nM"
"14","SRP107198","SRX2831674","SW1573 NSCLC cell line","SW1573","Non-Small Cell Lung Cancer (NSCLC)","DMSO vehicle","0.01%"
"15","SRP107198","SRX2831596","NCI-H358 NSCLC cell line","NCI-H358","Non-Small Cell Lung Cancer (NSCLC)","pimasertib","1000 nM"
"16","SRP107198","SRX2831517","DV-90 NSCLC cell line","DV-90","Non-Small Cell Lung Cancer (NSCLC)","pimasertib + SAR405841","100 nM"
"17","SRP107198","SRX2831539","DV-90 NSCLC cell line","DV-90","Non-Small Cell Lung Cancer (NSCLC)","SAR405838","1000 nM"
"18","SRP107198","SRX2831675","SW1573 NSCLC cell line","SW1573","Non-Small Cell Lung Cancer (NSCLC)","DMSO vehicle","0.01%"
"19","SRP107198","SRX2831597","NCI-H358 NSCLC cell line","NCI-H358","Non-Small Cell Lung Cancer (NSCLC)","pimasertib","1000 nM"
"20","SRP107198","SRX2831555","NCI-H1944 NSCLC cell line","NCI-H1944","Non-Small Cell Lung Cancer (NSCLC)","pimasertib + SAR405846","1000 nM"
"21","SRP107198","SRX2831669","SW1573 NSCLC cell line","SW1573","Non-Small Cell Lung Cancer (NSCLC)","SAR405838","100 nM"
"22","SRP107198","SRX2831483","A427 NSCLC cell line","A427","Non-Small Cell Lung Cancer (NSCLC)","pimasertib + SAR405840","10 nM"
"23","SRP107198","SRX2831528","DV-90 NSCLC cell line","DV-90","Non-Small Cell Lung Cancer (NSCLC)","pimasertib","100 nM"
"24","SRP107198","SRX2831629","LU-99A NSCLC cell line","LU-99A","Non-Small Cell Lung Cancer (NSCLC)","pimasertib","1000 nM"
"25","SRP107198","SRX2831495","A427 NSCLC cell line","A427","Non-Small Cell Lung Cancer (NSCLC)","pimasertib","100 nM"
"26","SRP107198","SRX2831638","LU-99A NSCLC cell line","LU-99A","Non-Small Cell Lung Cancer (NSCLC)","SAR405838","1000 nM"
"27","SRP107198","SRX2831672","SW1573 NSCLC cell line","SW1573","Non-Small Cell Lung Cancer (NSCLC)","SAR405838","1000 nM"
"28","SRP107198","SRX2831630","LU-99A NSCLC cell line","LU-99A","Non-Small Cell Lung Cancer (NSCLC)","pimasertib","1000 nM"
"29","SRP107198","SRX2831553","NCI-H1944 NSCLC cell line","NCI-H1944","Non-Small Cell Lung Cancer (NSCLC)","pimasertib + SAR405844","1000 nM"
"30","SRP107198","SRX2831601","NCI-H358 NSCLC cell line","NCI-H358","Non-Small Cell Lung Cancer (NSCLC)","SAR405838","100 nM"
"31","SRP107198","SRX2831635","LU-99A NSCLC cell line","LU-99A","Non-Small Cell Lung Cancer (NSCLC)","SAR405838","100 nM"
"32","SRP107198","SRX2831624","LU-99A NSCLC cell line","LU-99A","Non-Small Cell Lung Cancer (NSCLC)","pimasertib","10 nM"
"33","SRP107198","SRX2831659","SW1573 NSCLC cell line","SW1573","Non-Small Cell Lung Cancer (NSCLC)","pimasertib","100 nM"
"34","SRP107198","SRX2831583","NCI-H358 NSCLC cell line","NCI-H358","Non-Small Cell Lung Cancer (NSCLC)","pimasertib + SAR405841","100 nM"
"35","SRP107198","SRX2831653","SW1573 NSCLC cell line","SW1573","Non-Small Cell Lung Cancer (NSCLC)","pimasertib + SAR405845","1000 nM"
"36","SRP107198","SRX2831501","A427 NSCLC cell line","A427","Non-Small Cell Lung Cancer (NSCLC)","SAR405838","10 nM"
"37","SRP107198","SRX2831641","LU-99A NSCLC cell line","LU-99A","Non-Small Cell Lung Cancer (NSCLC)","DMSO vehicle","0.01%"
"38","SRP107198","SRX2831608","NCI-H358 NSCLC cell line","NCI-H358","Non-Small Cell Lung Cancer (NSCLC)","DMSO vehicle","0.01%"
"39","SRP107198","SRX2831580","NCI-H358 NSCLC cell line","NCI-H358","Non-Small Cell Lung Cancer (NSCLC)","pimasertib + SAR405838","10 nM"
"40","SRP107198","SRX2831535","DV-90 NSCLC cell line","DV-90","Non-Small Cell Lung Cancer (NSCLC)","SAR405838","100 nM"
"41","SRP107198","SRX2831561","NCI-H1944 NSCLC cell line","NCI-H1944","Non-Small Cell Lung Cancer (NSCLC)","pimasertib","100 nM"
"42","SRP107198","SRX2831575","NCI-H1944 NSCLC cell line","NCI-H1944","Non-Small Cell Lung Cancer (NSCLC)","DMSO vehicle","0.01%"
"43","SRP107198","SRX2831588","NCI-H358 NSCLC cell line","NCI-H358","Non-Small Cell Lung Cancer (NSCLC)","pimasertib + SAR405846","1000 nM"
"44","SRP107198","SRX2831490","A427 NSCLC cell line","A427","Non-Small Cell Lung Cancer (NSCLC)","pimasertib","10 nM"
"45","SRP107198","SRX2831502","A427 NSCLC cell line","A427","Non-Small Cell Lung Cancer (NSCLC)","SAR405838","100 nM"
"46","SRP107198","SRX2831493","A427 NSCLC cell line","A427","Non-Small Cell Lung Cancer (NSCLC)","pimasertib","100 nM"
"47","SRP107198","SRX2831563","NCI-H1944 NSCLC cell line","NCI-H1944","Non-Small Cell Lung Cancer (NSCLC)","pimasertib","1000 nM"
"48","SRP107198","SRX2831492","A427 NSCLC cell line","A427","Non-Small Cell Lung Cancer (NSCLC)","pimasertib","10 nM"
"49","SRP107198","SRX2831578","NCI-H1944 NSCLC cell line","NCI-H1944","Non-Small Cell Lung Cancer (NSCLC)","untreated","N/A"
"50","SRP107198","SRX2831579","NCI-H1944 NSCLC cell line","NCI-H1944","Non-Small Cell Lung Cancer (NSCLC)","untreated","N/A"
"51","SRP107198","SRX2831511","A427 NSCLC cell line","A427","Non-Small Cell Lung Cancer (NSCLC)","untreated","N/A"
"52","SRP107198","SRX2831623","LU-99A NSCLC cell line","LU-99A","Non-Small Cell Lung Cancer (NSCLC)","pimasertib","10 nM"
"53","SRP107198","SRX2831606","NCI-H358 NSCLC cell line","NCI-H358","Non-Small Cell Lung Cancer (NSCLC)","SAR405838","1000 nM"
"54","SRP107198","SRX2831504","A427 NSCLC cell line","A427","Non-Small Cell Lung Cancer (NSCLC)","SAR405838","100 nM"
"55","SRP107198","SRX2831618","LU-99A NSCLC cell line","LU-99A","Non-Small Cell Lung Cancer (NSCLC)","pimasertib + SAR405843","100 nM"
"56","SRP107198","SRX2831621","LU-99A NSCLC cell line","LU-99A","Non-Small Cell Lung Cancer (NSCLC)","pimasertib + SAR405846","1000 nM"
"57","SRP107198","SRX2831565","NCI-H1944 NSCLC cell line","NCI-H1944","Non-Small Cell Lung Cancer (NSCLC)","SAR405838","10 nM"
"58","SRP107198","SRX2831639","LU-99A NSCLC cell line","LU-99A","Non-Small Cell Lung Cancer (NSCLC)","SAR405838","1000 nM"
"59","SRP107198","SRX2831652","SW1573 NSCLC cell line","SW1573","Non-Small Cell Lung Cancer (NSCLC)","pimasertib + SAR405844","1000 nM"
"60","SRP107198","SRX2831599","NCI-H358 NSCLC cell line","NCI-H358","Non-Small Cell Lung Cancer (NSCLC)","SAR405838","10 nM"
"61","SRP107198","SRX2831647","SW1573 NSCLC cell line","SW1573","Non-Small Cell Lung Cancer (NSCLC)","pimasertib + SAR405839","10 nM"
"62","SRP107198","SRX2831505","A427 NSCLC cell line","A427","Non-Small Cell Lung Cancer (NSCLC)","SAR405838","1000 nM"
"63","SRP107198","SRX2831604","NCI-H358 NSCLC cell line","NCI-H358","Non-Small Cell Lung Cancer (NSCLC)","SAR405838","1000 nM"
"64","SRP107198","SRX2831593","NCI-H358 NSCLC cell line","NCI-H358","Non-Small Cell Lung Cancer (NSCLC)","pimasertib","100 nM"
"65","SRP107198","SRX2831627","LU-99A NSCLC cell line","LU-99A","Non-Small Cell Lung Cancer (NSCLC)","pimasertib","100 nM"
"66","SRP107198","SRX2831572","NCI-H1944 NSCLC cell line","NCI-H1944","Non-Small Cell Lung Cancer (NSCLC)","SAR405838","1000 nM"
"67","SRP107198","SRX2831671","SW1573 NSCLC cell line","SW1573","Non-Small Cell Lung Cancer (NSCLC)","SAR405838","1000 nM"
"68","SRP107198","SRX2831530","DV-90 NSCLC cell line","DV-90","Non-Small Cell Lung Cancer (NSCLC)","pimasertib","1000 nM"
"69","SRP107198","SRX2831613","LU-99A NSCLC cell line","LU-99A","Non-Small Cell Lung Cancer (NSCLC)","pimasertib + SAR405838","10 nM"
"70","SRP107198","SRX2831648","SW1573 NSCLC cell line","SW1573","Non-Small Cell Lung Cancer (NSCLC)","pimasertib + SAR405840","10 nM"
"71","SRP107198","SRX2831667","SW1573 NSCLC cell line","SW1573","Non-Small Cell Lung Cancer (NSCLC)","SAR405838","100 nM"
"72","SRP107198","SRX2831513","A427 NSCLC cell line","A427","Non-Small Cell Lung Cancer (NSCLC)","untreated","N/A"
"73","SRP107198","SRX2831486","A427 NSCLC cell line","A427","Non-Small Cell Lung Cancer (NSCLC)","pimasertib + SAR405843","100 nM"
"74","SRP107198","SRX2831628","LU-99A NSCLC cell line","LU-99A","Non-Small Cell Lung Cancer (NSCLC)","pimasertib","1000 nM"
"75","SRP107198","SRX2831590","NCI-H358 NSCLC cell line","NCI-H358","Non-Small Cell Lung Cancer (NSCLC)","pimasertib","10 nM"
"76","SRP107198","SRX2831560","NCI-H1944 NSCLC cell line","NCI-H1944","Non-Small Cell Lung Cancer (NSCLC)","pimasertib","100 nM"
"77","SRP107198","SRX2831564","NCI-H1944 NSCLC cell line","NCI-H1944","Non-Small Cell Lung Cancer (NSCLC)","pimasertib","1000 nM"
"78","SRP107198","SRX2831522","DV-90 NSCLC cell line","DV-90","Non-Small Cell Lung Cancer (NSCLC)","pimasertib + SAR405846","1000 nM"
"79","SRP107198","SRX2831497","A427 NSCLC cell line","A427","Non-Small Cell Lung Cancer (NSCLC)","pimasertib","1000 nM"
"80","SRP107198","SRX2831542","DV-90 NSCLC cell line","DV-90","Non-Small Cell Lung Cancer (NSCLC)","DMSO vehicle","0.01%"
"81","SRP107198","SRX2831558","NCI-H1944 NSCLC cell line","NCI-H1944","Non-Small Cell Lung Cancer (NSCLC)","pimasertib","10 nM"
"82","SRP107198","SRX2831581","NCI-H358 NSCLC cell line","NCI-H358","Non-Small Cell Lung Cancer (NSCLC)","pimasertib + SAR405839","10 nM"
"83","SRP107198","SRX2831506","A427 NSCLC cell line","A427","Non-Small Cell Lung Cancer (NSCLC)","SAR405838","1000 nM"
"84","SRP107198","SRX2831514","DV-90 NSCLC cell line","DV-90","Non-Small Cell Lung Cancer (NSCLC)","pimasertib + SAR405838","10 nM"
"85","SRP107198","SRX2831586","NCI-H358 NSCLC cell line","NCI-H358","Non-Small Cell Lung Cancer (NSCLC)","pimasertib + SAR405844","1000 nM"
"86","SRP107198","SRX2831543","DV-90 NSCLC cell line","DV-90","Non-Small Cell Lung Cancer (NSCLC)","DMSO vehicle","0.01%"
"87","SRP107198","SRX2831663","SW1573 NSCLC cell line","SW1573","Non-Small Cell Lung Cancer (NSCLC)","pimasertib","1000 nM"
"88","SRP107198","SRX2831515","DV-90 NSCLC cell line","DV-90","Non-Small Cell Lung Cancer (NSCLC)","pimasertib + SAR405839","10 nM"
"89","SRP107198","SRX2831547","NCI-H1944 NSCLC cell line","NCI-H1944","Non-Small Cell Lung Cancer (NSCLC)","pimasertib + SAR405838","10 nM"
"90","SRP107198","SRX2831503","A427 NSCLC cell line","A427","Non-Small Cell Lung Cancer (NSCLC)","SAR405838","100 nM"
"91","SRP107198","SRX2831482","A427 NSCLC cell line","A427","Non-Small Cell Lung Cancer (NSCLC)","pimasertib + SAR405839","10 nM"
"92","SRP107198","SRX2831632","LU-99A NSCLC cell line","LU-99A","Non-Small Cell Lung Cancer (NSCLC)","SAR405838","10 nM"
"93","SRP107198","SRX2831491","A427 NSCLC cell line","A427","Non-Small Cell Lung Cancer (NSCLC)","pimasertib","10 nM"
"94","SRP107198","SRX2831650","SW1573 NSCLC cell line","SW1573","Non-Small Cell Lung Cancer (NSCLC)","pimasertib + SAR405842","100 nM"
"95","SRP107198","SRX2831603","NCI-H358 NSCLC cell line","NCI-H358","Non-Small Cell Lung Cancer (NSCLC)","SAR405838","100 nM"
"96","SRP107198","SRX2831487","A427 NSCLC cell line","A427","Non-Small Cell Lung Cancer (NSCLC)","pimasertib + SAR405844","1000 nM"
"97","SRP107198","SRX2831634","LU-99A NSCLC cell line","LU-99A","Non-Small Cell Lung Cancer (NSCLC)","SAR405838","100 nM"
"98","SRP107198","SRX2831529","DV-90 NSCLC cell line","DV-90","Non-Small Cell Lung Cancer (NSCLC)","pimasertib","1000 nM"
"99","SRP107198","SRX2831574","NCI-H1944 NSCLC cell line","NCI-H1944","Non-Small Cell Lung Cancer (NSCLC)","DMSO vehicle","0.01%"
"100","SRP107198","SRX2831633","LU-99A NSCLC cell line","LU-99A","Non-Small Cell Lung Cancer (NSCLC)","SAR405838","10 nM"
"101","SRP107198","SRX2831611","NCI-H358 NSCLC cell line","NCI-H358","Non-Small Cell Lung Cancer (NSCLC)","untreated","N/A"
"102","SRP107198","SRX2831518","DV-90 NSCLC cell line","DV-90","Non-Small Cell Lung Cancer (NSCLC)","pimasertib + SAR405842","100 nM"
"103","SRP107198","SRX2831609","NCI-H358 NSCLC cell line","NCI-H358","Non-Small Cell Lung Cancer (NSCLC)","DMSO vehicle","0.01%"
"104","SRP107198","SRX2831573","NCI-H1944 NSCLC cell line","NCI-H1944","Non-Small Cell Lung Cancer (NSCLC)","SAR405838","1000 nM"
"105","SRP107198","SRX2831637","LU-99A NSCLC cell line","LU-99A","Non-Small Cell Lung Cancer (NSCLC)","SAR405838","1000 nM"
"106","SRP107198","SRX2831512","A427 NSCLC cell line","A427","Non-Small Cell Lung Cancer (NSCLC)","untreated","N/A"
"107","SRP107198","SRX2831617","LU-99A NSCLC cell line","LU-99A","Non-Small Cell Lung Cancer (NSCLC)","pimasertib + SAR405842","100 nM"
"108","SRP107198","SRX2831494","A427 NSCLC cell line","A427","Non-Small Cell Lung Cancer (NSCLC)","pimasertib","100 nM"
"109","SRP107198","SRX2831670","SW1573 NSCLC cell line","SW1573","Non-Small Cell Lung Cancer (NSCLC)","SAR405838","1000 nM"
"110","SRP107198","SRX2831521","DV-90 NSCLC cell line","DV-90","Non-Small Cell Lung Cancer (NSCLC)","pimasertib + SAR405845","1000 nM"
"111","SRP107198","SRX2831531","DV-90 NSCLC cell line","DV-90","Non-Small Cell Lung Cancer (NSCLC)","pimasertib","1000 nM"
"112","SRP107198","SRX2831557","NCI-H1944 NSCLC cell line","NCI-H1944","Non-Small Cell Lung Cancer (NSCLC)","pimasertib","10 nM"
"113","SRP107198","SRX2831570","NCI-H1944 NSCLC cell line","NCI-H1944","Non-Small Cell Lung Cancer (NSCLC)","SAR405838","100 nM"
"114","SRP107198","SRX2831489","A427 NSCLC cell line","A427","Non-Small Cell Lung Cancer (NSCLC)","pimasertib + SAR405846","1000 nM"
"115","SRP107198","SRX2831507","A427 NSCLC cell line","A427","Non-Small Cell Lung Cancer (NSCLC)","SAR405838","1000 nM"
"116","SRP107198","SRX2831658","SW1573 NSCLC cell line","SW1573","Non-Small Cell Lung Cancer (NSCLC)","pimasertib","100 nM"
"117","SRP107198","SRX2831660","SW1573 NSCLC cell line","SW1573","Non-Small Cell Lung Cancer (NSCLC)","pimasertib","100 nM"
"118","SRP107198","SRX2831661","SW1573 NSCLC cell line","SW1573","Non-Small Cell Lung Cancer (NSCLC)","pimasertib","1000 nM"
"119","SRP107198","SRX2831534","DV-90 NSCLC cell line","DV-90","Non-Small Cell Lung Cancer (NSCLC)","SAR405838","10 nM"
"120","SRP107198","SRX2831537","DV-90 NSCLC cell line","DV-90","Non-Small Cell Lung Cancer (NSCLC)","SAR405838","100 nM"
"121","SRP107198","SRX2831498","A427 NSCLC cell line","A427","Non-Small Cell Lung Cancer (NSCLC)","pimasertib","1000 nM"
"122","SRP107198","SRX2831640","LU-99A NSCLC cell line","LU-99A","Non-Small Cell Lung Cancer (NSCLC)","DMSO vehicle","0.01%"
"123","SRP107198","SRX2831536","DV-90 NSCLC cell line","DV-90","Non-Small Cell Lung Cancer (NSCLC)","SAR405838","100 nM"
"124","SRP107198","SRX2831649","SW1573 NSCLC cell line","SW1573","Non-Small Cell Lung Cancer (NSCLC)","pimasertib + SAR405841","100 nM"
"125","SRP107198","SRX2831655","SW1573 NSCLC cell line","SW1573","Non-Small Cell Lung Cancer (NSCLC)","pimasertib","10 nM"
"126","SRP107198","SRX2831519","DV-90 NSCLC cell line","DV-90","Non-Small Cell Lung Cancer (NSCLC)","pimasertib + SAR405843","100 nM"
"127","SRP107198","SRX2831569","NCI-H1944 NSCLC cell line","NCI-H1944","Non-Small Cell Lung Cancer (NSCLC)","SAR405838","100 nM"
"128","SRP107198","SRX2831546","DV-90 NSCLC cell line","DV-90","Non-Small Cell Lung Cancer (NSCLC)","untreated","N/A"
"129","SRP107198","SRX2831646","SW1573 NSCLC cell line","SW1573","Non-Small Cell Lung Cancer (NSCLC)","pimasertib + SAR405838","10 nM"
"130","SRP107198","SRX2831610","NCI-H358 NSCLC cell line","NCI-H358","Non-Small Cell Lung Cancer (NSCLC)","untreated","N/A"
"131","SRP107198","SRX2831645","LU-99A NSCLC cell line","LU-99A","Non-Small Cell Lung Cancer (NSCLC)","untreated","N/A"
"132","SRP107198","SRX2831631","LU-99A NSCLC cell line","LU-99A","Non-Small Cell Lung Cancer (NSCLC)","SAR405838","10 nM"
"133","SRP107198","SRX2831602","NCI-H358 NSCLC cell line","NCI-H358","Non-Small Cell Lung Cancer (NSCLC)","SAR405838","100 nM"
"134","SRP107198","SRX2831508","A427 NSCLC cell line","A427","Non-Small Cell Lung Cancer (NSCLC)","DMSO vehicle","0.01%"
"135","SRP107198","SRX2831551","NCI-H1944 NSCLC cell line","NCI-H1944","Non-Small Cell Lung Cancer (NSCLC)","pimasertib + SAR405842","100 nM"
"136","SRP107198","SRX2831484","A427 NSCLC cell line","A427","Non-Small Cell Lung Cancer (NSCLC)","pimasertib + SAR405841","100 nM"
"137","SRP107198","SRX2831651","SW1573 NSCLC cell line","SW1573","Non-Small Cell Lung Cancer (NSCLC)","pimasertib + SAR405843","100 nM"
"138","SRP107198","SRX2831520","DV-90 NSCLC cell line","DV-90","Non-Small Cell Lung Cancer (NSCLC)","pimasertib + SAR405844","1000 nM"
"139","SRP107198","SRX2831481","A427 NSCLC cell line","A427","Non-Small Cell Lung Cancer (NSCLC)","pimasertib + SAR405838","10 nM"
"140","SRP107198","SRX2831541","DV-90 NSCLC cell line","DV-90","Non-Small Cell Lung Cancer (NSCLC)","DMSO vehicle","0.01%"
"141","SRP107198","SRX2831527","DV-90 NSCLC cell line","DV-90","Non-Small Cell Lung Cancer (NSCLC)","pimasertib","100 nM"
"142","SRP107198","SRX2831585","NCI-H358 NSCLC cell line","NCI-H358","Non-Small Cell Lung Cancer (NSCLC)","pimasertib + SAR405843","100 nM"
"143","SRP107198","SRX2831677","SW1573 NSCLC cell line","SW1573","Non-Small Cell Lung Cancer (NSCLC)","untreated","N/A"
"144","SRP107198","SRX2831614","LU-99A NSCLC cell line","LU-99A","Non-Small Cell Lung Cancer (NSCLC)","pimasertib + SAR405839","10 nM"
"145","SRP107198","SRX2831525","DV-90 NSCLC cell line","DV-90","Non-Small Cell Lung Cancer (NSCLC)","pimasertib","10 nM"
"146","SRP107198","SRX2831556","NCI-H1944 NSCLC cell line","NCI-H1944","Non-Small Cell Lung Cancer (NSCLC)","pimasertib","10 nM"
"147","SRP107198","SRX2831619","LU-99A NSCLC cell line","LU-99A","Non-Small Cell Lung Cancer (NSCLC)","pimasertib + SAR405844","1000 nM"
"148","SRP107198","SRX2831540","DV-90 NSCLC cell line","DV-90","Non-Small Cell Lung Cancer (NSCLC)","SAR405838","1000 nM"
"149","SRP107198","SRX2831576","NCI-H1944 NSCLC cell line","NCI-H1944","Non-Small Cell Lung Cancer (NSCLC)","DMSO vehicle","0.01%"
"150","SRP107198","SRX2831509","A427 NSCLC cell line","A427","Non-Small Cell Lung Cancer (NSCLC)","DMSO vehicle","0.01%"
"151","SRP107198","SRX2831600","NCI-H358 NSCLC cell line","NCI-H358","Non-Small Cell Lung Cancer (NSCLC)","SAR405838","10 nM"
"152","SRP107198","SRX2831678","SW1573 NSCLC cell line","SW1573","Non-Small Cell Lung Cancer (NSCLC)","untreated","N/A"
"153","SRP107198","SRX2831642","LU-99A NSCLC cell line","LU-99A","Non-Small Cell Lung Cancer (NSCLC)","DMSO vehicle","0.01%"
"154","SRP107198","SRX2831654","SW1573 NSCLC cell line","SW1573","Non-Small Cell Lung Cancer (NSCLC)","pimasertib + SAR405846","1000 nM"
"155","SRP107198","SRX2831657","SW1573 NSCLC cell line","SW1573","Non-Small Cell Lung Cancer (NSCLC)","pimasertib","10 nM"
"156","SRP107198","SRX2831584","NCI-H358 NSCLC cell line","NCI-H358","Non-Small Cell Lung Cancer (NSCLC)","pimasertib + SAR405842","100 nM"
"157","SRP107198","SRX2831656","SW1573 NSCLC cell line","SW1573","Non-Small Cell Lung Cancer (NSCLC)","pimasertib","10 nM"
"158","SRP107198","SRX2831643","LU-99A NSCLC cell line","LU-99A","Non-Small Cell Lung Cancer (NSCLC)","untreated","N/A"
"159","SRP107198","SRX2831538","DV-90 NSCLC cell line","DV-90","Non-Small Cell Lung Cancer (NSCLC)","SAR405838","1000 nM"
"160","SRP107198","SRX2831544","DV-90 NSCLC cell line","DV-90","Non-Small Cell Lung Cancer (NSCLC)","untreated","N/A"
"161","SRP107198","SRX2831500","A427 NSCLC cell line","A427","Non-Small Cell Lung Cancer (NSCLC)","SAR405838","10 nM"
"162","SRP107198","SRX2831571","NCI-H1944 NSCLC cell line","NCI-H1944","Non-Small Cell Lung Cancer (NSCLC)","SAR405838","1000 nM"
"163","SRP107198","SRX2831673","SW1573 NSCLC cell line","SW1573","Non-Small Cell Lung Cancer (NSCLC)","DMSO vehicle","0.01%"
"164","SRP107198","SRX2831524","DV-90 NSCLC cell line","DV-90","Non-Small Cell Lung Cancer (NSCLC)","pimasertib","10 nM"
"165","SRP107198","SRX2831552","NCI-H1944 NSCLC cell line","NCI-H1944","Non-Small Cell Lung Cancer (NSCLC)","pimasertib + SAR405843","100 nM"
"166","SRP107198","SRX2831644","LU-99A NSCLC cell line","LU-99A","Non-Small Cell Lung Cancer (NSCLC)","untreated","N/A"
"167","SRP107198","SRX2831532","DV-90 NSCLC cell line","DV-90","Non-Small Cell Lung Cancer (NSCLC)","SAR405838","10 nM"
"168","SRP107198","SRX2831548","NCI-H1944 NSCLC cell line","NCI-H1944","Non-Small Cell Lung Cancer (NSCLC)","pimasertib + SAR405839","10 nM"
"169","SRP107198","SRX2831668","SW1573 NSCLC cell line","SW1573","Non-Small Cell Lung Cancer (NSCLC)","SAR405838","100 nM"
"170","SRP107198","SRX2831488","A427 NSCLC cell line","A427","Non-Small Cell Lung Cancer (NSCLC)","pimasertib + SAR405845","1000 nM"
"171","SRP107198","SRX2831595","NCI-H358 NSCLC cell line","NCI-H358","Non-Small Cell Lung Cancer (NSCLC)","pimasertib","1000 nM"
"172","SRP107198","SRX2831594","NCI-H358 NSCLC cell line","NCI-H358","Non-Small Cell Lung Cancer (NSCLC)","pimasertib","100 nM"
"173","SRP107198","SRX2831616","LU-99A NSCLC cell line","LU-99A","Non-Small Cell Lung Cancer (NSCLC)","pimasertib + SAR405841","100 nM"
"174","SRP107198","SRX2831665","SW1573 NSCLC cell line","SW1573","Non-Small Cell Lung Cancer (NSCLC)","SAR405838","10 nM"
"175","SRP107198","SRX2831559","NCI-H1944 NSCLC cell line","NCI-H1944","Non-Small Cell Lung Cancer (NSCLC)","pimasertib","100 nM"
"176","SRP107198","SRX2831496","A427 NSCLC cell line","A427","Non-Small Cell Lung Cancer (NSCLC)","pimasertib","1000 nM"
"177","SRP107198","SRX2831676","SW1573 NSCLC cell line","SW1573","Non-Small Cell Lung Cancer (NSCLC)","untreated","N/A"
"178","SRP107198","SRX2831523","DV-90 NSCLC cell line","DV-90","Non-Small Cell Lung Cancer (NSCLC)","pimasertib","10 nM"
"179","SRP107198","SRX2831664","SW1573 NSCLC cell line","SW1573","Non-Small Cell Lung Cancer (NSCLC)","SAR405838","10 nM"
"180","SRP107198","SRX2831533","DV-90 NSCLC cell line","DV-90","Non-Small Cell Lung Cancer (NSCLC)","SAR405838","10 nM"
"181","SRP107198","SRX2831499","A427 NSCLC cell line","A427","Non-Small Cell Lung Cancer (NSCLC)","SAR405838","10 nM"
"182","SRP107198","SRX2831562","NCI-H1944 NSCLC cell line","NCI-H1944","Non-Small Cell Lung Cancer (NSCLC)","pimasertib","1000 nM"
"183","SRP107198","SRX2831620","LU-99A NSCLC cell line","LU-99A","Non-Small Cell Lung Cancer (NSCLC)","pimasertib + SAR405845","1000 nM"
"184","SRP107198","SRX2831626","LU-99A NSCLC cell line","LU-99A","Non-Small Cell Lung Cancer (NSCLC)","pimasertib","100 nM"
"185","SRP107198","SRX2831666","SW1573 NSCLC cell line","SW1573","Non-Small Cell Lung Cancer (NSCLC)","SAR405838","10 nM"
"186","SRP107198","SRX2831591","NCI-H358 NSCLC cell line","NCI-H358","Non-Small Cell Lung Cancer (NSCLC)","pimasertib","10 nM"
"187","SRP107198","SRX2831568","NCI-H1944 NSCLC cell line","NCI-H1944","Non-Small Cell Lung Cancer (NSCLC)","SAR405838","100 nM"
"188","SRP107198","SRX2831577","NCI-H1944 NSCLC cell line","NCI-H1944","Non-Small Cell Lung Cancer (NSCLC)","untreated","N/A"
"189","SRP107198","SRX2831625","LU-99A NSCLC cell line","LU-99A","Non-Small Cell Lung Cancer (NSCLC)","pimasertib","100 nM"
"190","SRP107198","SRX2831612","NCI-H358 NSCLC cell line","NCI-H358","Non-Small Cell Lung Cancer (NSCLC)","untreated","N/A"
"191","SRP107198","SRX2831592","NCI-H358 NSCLC cell line","NCI-H358","Non-Small Cell Lung Cancer (NSCLC)","pimasertib","100 nM"
"192","SRP107198","SRX2831485","A427 NSCLC cell line","A427","Non-Small Cell Lung Cancer (NSCLC)","pimasertib + SAR405842","100 nM"
"193","SRP107198","SRX2831598","NCI-H358 NSCLC cell line","NCI-H358","Non-Small Cell Lung Cancer (NSCLC)","SAR405838","10 nM"
"194","SRP107198","SRX2831545","DV-90 NSCLC cell line","DV-90","Non-Small Cell Lung Cancer (NSCLC)","untreated","N/A"
"195","SRP107198","SRX2831550","NCI-H1944 NSCLC cell line","NCI-H1944","Non-Small Cell Lung Cancer (NSCLC)","pimasertib + SAR405841","100 nM"
"196","SRP107198","SRX2831622","LU-99A NSCLC cell line","LU-99A","Non-Small Cell Lung Cancer (NSCLC)","pimasertib","10 nM"
"197","SRP107198","SRX2831549","NCI-H1944 NSCLC cell line","NCI-H1944","Non-Small Cell Lung Cancer (NSCLC)","pimasertib + SAR405840","10 nM"
"198","SRP107198","SRX2831605","NCI-H358 NSCLC cell line","NCI-H358","Non-Small Cell Lung Cancer (NSCLC)","SAR405838","1000 nM"
